"序号","域","子表","子表注释","外键列","列注释","父表","父主键列","基数","可空","验证层级","非空值数","命中数","覆盖率","证据","并列候选"
1,1,"biz_tech_auth_override","越权授权事后登记","employee_id","越权操作者（员工ID）","sys_employee","id","1:N","N","D-无数据可验证",0,0,0,"命名+覆盖率",
2,1,"biz_tech_auth_override","越权授权事后登记","supervisor_id","上级确认人（员工ID）","sys_employee","id","1:N","Y","D-无数据可验证",0,0,0,"命名+覆盖率",
3,1,"sys_attachment","附件","upload_user_id","上传人ID","sys_user","id","1:N","Y","C-数据全悬空(仅命名推断)",10,0,0,"命名+覆盖率",
4,1,"sys_department","科室","parent_id","父科室ID","sys_department","id","1:N","N","A-数据全命中",95,93,0.9789,"命名+覆盖率",
5,1,"sys_department","科室","dept_leader_id","科室负责人（sys_employee.id)","sys_employee","id","1:N","Y","A-数据全命中",2,2,1,"命名+覆盖率",
6,1,"sys_employee","员工","dept_id","科室ID","sys_department","id","1:N","Y","A-数据全命中",507,507,1,"命名+覆盖率",
7,1,"sys_employee_post","员工岗位（角色×科室）","employee_id","用户ID","sys_employee","id","1:N","N","A-数据全命中",509,509,1,"命名+覆盖率",
8,1,"sys_employee_post","员工岗位（角色×科室）","role_id","角色ID","sys_role","id","1:N","N","A-数据全命中",509,509,1,"命名+覆盖率",
9,1,"sys_employee_post","员工岗位（角色×科室）","dept_id","科室ID","sys_department","id","1:N","N","A-数据全命中",509,509,1,"命名+覆盖率",
10,1,"sys_employee_qualification","员工资格证书","employee_id","员工ID","sys_employee","id","1:N","N","A-数据全命中",1,1,1,"命名+覆盖率",
11,1,"sys_employee_tech_auth","医疗技术授权台账","employee_id","员工ID","sys_employee","id","1:N","N","A-数据全命中",51,51,1,"命名+覆盖率",
12,1,"sys_employee_tech_auth","医疗技术授权台账","dept_id","所属科室ID","sys_department","id","1:N","Y","A-数据全命中",51,51,1,"命名+覆盖率",
13,1,"sys_employee_tech_auth","医疗技术授权台账","approver_id","审批人","sys_employee","id","1:N","Y","D-无数据可验证",0,0,0,"命名+覆盖率",
14,1,"sys_field_change_log","字段级修改日志","operator_id","操作人ID","sys_employee","id","1:N","Y","A-数据全命中",241,241,1,"命名+覆盖率",
15,1,"sys_field_change_log","字段级修改日志","dept_id","操作人科室ID","sys_department","id","1:N","Y","A-数据全命中",89,89,1,"命名+覆盖率",
16,1,"sys_menu","菜单","parent_id","父菜单ID","sys_menu","id","1:N","Y","A-数据全命中",477,462,0.9686,"命名+覆盖率",
17,1,"sys_role_menu","角色菜单关联","role_id","角色ID","sys_role","id","1:N","N","A-数据全命中",1604,1604,1,"命名+覆盖率",
18,1,"sys_role_menu","角色菜单关联","menu_id","菜单ID","sys_menu","id","1:N","N","A-数据全命中",1604,1604,1,"命名+覆盖率",
19,1,"sys_sign_cert","电子签名证书","emp_id","签名人员工ID","sys_employee","id","1:N","N","B-数据部分命中",8,7,0.875,"命名+覆盖率",
20,1,"sys_sign_cert","电子签名证书","dept_id","所属科室ID（快照）","sys_department","id","1:N","Y","B-数据部分命中",8,6,0.75,"命名+覆盖率",
21,1,"sys_sign_cert","电子签名证书","revoke_by","吊销操作人员工ID","sys_employee","id","1:N","Y","A-数据全命中",4,4,1,"命名+覆盖率",
22,1,"sys_user","用户","emp_id","关联员工ID","sys_employee","id","1:N","Y","A-数据全命中",476,476,1,"命名+覆盖率",
23,1,"sys_user","用户","patient_id","关联患者ID","biz_patient","id","1:N","Y","D-无数据可验证",0,0,0,"命名+覆盖率",
24,2,"sys_audit_log","审计日志","user_id","操作人ID","sys_user","id","1:N","Y","B-数据部分命中",552,507,0.9185,"命名+覆盖率",
25,2,"sys_login_log","登录日志","user_id","用户ID","sys_user","id","1:N","Y","A-数据全命中",679,665,0.9794,"命名+覆盖率",
26,2,"sys_oper_log","操作日志","oper_id","操作人员ID","sys_user","id","1:N","Y","A-人工口径",3724,3701,0.9938,"命名+覆盖率",
27,2,"sys_oper_log","操作日志","dept_id","部门ID","sys_department","id","1:N","Y","A-数据全命中",3708,3698,0.9973,"命名+覆盖率",
28,3,"biz_equipment_maintain","设备维保记录","equipment_id","设备ID","sys_equipment","id","1:N","N","A-数据全命中",3,3,1,"命名+覆盖率",
29,3,"biz_equipment_metering","设备计量记录","equipment_id","设备ID","sys_equipment","id","1:N","N","A-数据全命中",3,3,1,"命名+覆盖率",
30,3,"sys_bed","床位","ward_id","病区ID","sys_ward","ward_id","1:N","N","A-数据全命中",1070,1070,1,"命名+覆盖率",
31,3,"sys_bed","床位","dept_id","科室ID","sys_department","id","1:N","N","A-数据全命中",1070,1070,1,"命名+覆盖率",
32,3,"sys_bed","床位","patient_id","当前占用患者ID","biz_patient","id","1:N","Y","A-数据全命中",40,40,1,"命名+覆盖率",
33,3,"sys_clinic_room","诊室","dept_id","所属科室ID","sys_department","id","1:N","N","A-数据全命中",120,120,1,"命名+覆盖率",
34,3,"sys_equipment","医疗设备台账","dept_id","使用科室ID","sys_department","id","1:N","Y","D-无数据可验证",0,0,0,"命名+覆盖率",
35,3,"sys_ward","病区","dept_id","所属科室ID","sys_department","id","1:N","N","A-数据全命中",49,49,1,"命名+覆盖率",
36,4,"biz_shift","班次字典","dept_id","适用科室ID","sys_department","id","1:N","Y","D-无数据可验证",0,0,0,"命名+覆盖率",
37,4,"sys_checkup_package_item","体检套餐项目","package_id","套餐ID","sys_checkup_package","id","1:N","N","A-数据全命中",12,12,1,"命名+覆盖率",
38,4,"sys_diagnosis","诊断字典","parent_id","父诊断ID","sys_diagnosis","id","1:N","Y","D-无数据可验证",0,0,0,"命名+覆盖率",
39,4,"sys_drug_price_history","药品价格变动史","drug_id","药品ID","sys_drug","id","1:N","N","A-数据全命中",5,5,1,"命名+覆盖率",
40,4,"sys_drug_price_history","药品价格变动史","operator_id","操作人ID","sys_employee","id","1:N","Y","C-数据全悬空(仅命名推断)",5,0,0,"命名+覆盖率",
41,4,"sys_inspection_item","检查项目字典","dept_id","检查科室ID","sys_department","id","1:N","Y","C-数据全悬空(仅命名推断)",105,0,0,"命名+覆盖率",
42,4,"sys_laboratory_item","检验项目字典","dept_id","检验科室ID","sys_department","id","1:N","Y","C-数据全悬空(仅命名推断)",110,0,0,"命名+覆盖率",
43,4,"sys_laboratory_item_detail","检验项目组套明细","laboratory_item_id","检验大项目ID","sys_laboratory_item","id","1:N","N","A-数据全命中",156,156,1,"命名+覆盖率",
44,4,"sys_price_change_history","项目价格变更史","operator_id","操作人ID（员工ID）","sys_employee","id","1:N","Y","D-无数据可验证",0,0,0,"命名+覆盖率",
45,4,"sys_treatment_item","治疗项目字典","dept_id","执行科室ID","sys_department","id","1:N","Y","C-数据全悬空(仅命名推断)",88,0,0,"命名+覆盖率",
46,5,"biz_compliance_audit","医保合规审核单","settlement_id","结算清单ID","biz_insurance_settlement","id","1:N","N","A-人工口径(数据悬空)",4,0,0,"命名+覆盖率",
47,5,"biz_compliance_audit","医保合规审核单","regist_id","就诊锚点","biz_appoint_info","id","1:N","Y","C-数据全悬空(仅命名推断)",4,0,0,"命名+覆盖率",
48,5,"biz_compliance_audit_item","医保合规审核明细","audit_id","审核ID","biz_compliance_audit","id","1:N","N","A-数据全命中",72,72,1,"命名+覆盖率",
49,5,"biz_insurance_report","医保报盘报文台账","settlement_id","医保结算清单ID","biz_insurance_settlement","id","1:N","N","A-人工口径",0,0,0,"命名+覆盖率",
50,5,"biz_insurance_settlement","医保结算清单","bill_id","结算账单ID","biz_settlement_bill","id","1:1","N","B-数据部分命中",4,2,0.5,"命名+覆盖率",
51,5,"biz_insurance_settlement","医保结算清单","patient_id","患者ID","biz_patient","id","1:N","N","A-数据全命中",4,4,1,"命名+覆盖率",
52,5,"biz_insurance_settlement","医保结算清单","regist_id","挂号ID快照","biz_appoint_info","id","1:N","Y","C-数据全悬空(仅命名推断)",3,0,0,"命名+覆盖率",
53,5,"biz_insurance_settlement","医保结算清单","dept_id","科室ID","sys_department","id","1:N","Y","A-数据全命中",4,4,1,"命名+覆盖率",
54,5,"biz_insurance_settlement","医保结算清单","doctor_id","医生ID","sys_employee","id","1:N","Y","D-无数据可验证",0,0,0,"命名+覆盖率",
55,5,"biz_settlement_diagnosis","结算清单诊断明细","settlement_id","结算清单ID","biz_insurance_settlement","id","1:N","N","A-人工口径",0,0,0,"命名+覆盖率",
56,5,"biz_settlement_operation","结算清单手术明细","settlement_id","结算清单ID","biz_insurance_settlement","id","1:N","N","A-人工口径",0,0,0,"命名+覆盖率",
57,5,"biz_yb_chronic_reg","门诊慢特病备案","patient_id","患者ID","biz_patient","id","1:N","N","A-数据全命中",17,17,1,"命名+覆盖率",
58,5,"biz_yb_chronic_reg","门诊慢特病备案","catalog_id","病种目录ID","biz_yb_chronic_catalog","id","1:N","N","A-数据全命中",17,17,1,"命名+覆盖率",
59,5,"biz_yb_chronic_reg","门诊慢特病备案","certify_dept_id","诊断科室ID","sys_department","id","1:N","Y","A-数据全命中",13,13,1,"命名+覆盖率",
60,5,"biz_yb_chronic_reg","门诊慢特病备案","register_dept_id","备案经办机构ID","sys_department","id","1:N","Y","A-数据全命中",7,7,1,"命名+覆盖率",
61,5,"biz_yb_chronic_reg","门诊慢特病备案","register_emp_id","备案经办人ID","sys_employee","id","1:N","Y","A-数据全命中",14,14,1,"命名+覆盖率",
62,5,"biz_yb_deduct_log","医保扣款处理留痕","notice_id","扣款通知ID","biz_yb_deduct_notice","id","1:N","N","A-数据全命中",88,88,1,"命名+覆盖率",
63,5,"biz_yb_deduct_notice","医保扣款通知单","inspection_id","关联飞检批次ID","biz_yb_inspection","id","1:N","Y","A-数据全命中",17,17,1,"命名+覆盖率",
64,5,"biz_yb_deduct_notice","医保扣款通知单","settlement_id","关联医保结算清单ID（可选）","biz_insurance_settlement","id","1:N","Y","A-数据全命中",1,1,1,"命名+覆盖率",
65,5,"biz_yb_deduct_notice","医保扣款通知单","patient_id","患者ID","biz_patient","id","1:N","Y","A-数据全命中",25,25,1,"命名+覆盖率",
66,5,"biz_yb_deduct_notice","医保扣款通知单","dept_id","被审科室ID","sys_department","id","1:N","Y","A-数据全命中",25,25,1,"命名+覆盖率",
67,5,"biz_yb_deduct_notice","医保扣款通知单","liable_dept_id","责任科室ID","sys_department","id","1:N","Y","A-数据全命中",12,12,1,"命名+覆盖率",
68,5,"biz_yb_mapping","医保目录对照","catalog_id","医保目录ID","biz_yb_catalog","id","1:N","N","A-数据全命中",43,43,1,"命名+覆盖率",
69,6,"biz_chronic_record","慢病建档","patient_id","患者ID","biz_patient","id","1:N","N","A-数据全命中",18,18,1,"命名+覆盖率",
70,6,"biz_chronic_record","慢病建档","doctor_id","认定医生ID","sys_employee","id","1:N","N","B-数据部分命中",18,17,0.9444,"命名+覆盖率",
71,6,"biz_chronic_record","慢病建档","dept_id","认定科室ID","sys_department","id","1:N","Y","B-数据部分命中",18,17,0.9444,"命名+覆盖率",
72,6,"biz_patient","患者基本信息","master_id","主索引","biz_patient","id","1:N","Y","A-人工口径",0,0,0,"命名+覆盖率",
73,6,"biz_patient","患者基本信息","last_visit_dept","最后就诊科室","sys_department","id","1:N","Y","A-人工口径(数据悬空)",93,1,0.0108,"命名+覆盖率",
74,6,"biz_patient","患者基本信息","last_visit_doctor","最后就诊医生","sys_employee","id","1:N","Y","A-人工口径(数据悬空)",93,1,0.0108,"命名+覆盖率",
75,6,"biz_patient","患者基本信息","first_visit_dept_id","首次就诊科室ID","sys_department","id","1:N","Y","C-数据全悬空(仅命名推断)",93,1,0.0108,"命名+覆盖率",
76,6,"biz_patient","患者基本信息","first_visit_doctor_id","首次接诊医生ID","sys_employee","id","1:N","Y","A-数据全命中",93,93,1,"命名+覆盖率",
77,6,"biz_patient_allergy","药物过敏史","patient_id","患者ID","biz_patient","id","1:N","N","A-数据全命中",25,25,1,"命名+覆盖率",
78,6,"biz_patient_contact","患者联系方式","patient_id","患者ID","biz_patient","id","1:N","N","A-数据全命中",26,26,1,"命名+覆盖率",
79,6,"biz_patient_family_history","家族史","patient_id","患者ID","biz_patient","id","1:N","N","A-数据全命中",2,2,1,"命名+覆盖率",
80,6,"biz_patient_guardian","就诊人绑定","user_id","登录账号ID","sys_user","id","1:N","N","C-数据全悬空(仅命名推断)",2,0,0,"命名+覆盖率",
81,6,"biz_patient_guardian","就诊人绑定","patient_id","就诊人ID","biz_patient","id","1:N","N","A-数据全命中",2,2,1,"命名+覆盖率",
82,6,"biz_patient_medication_history","既往用药史","patient_id","患者ID","biz_patient","id","1:N","N","A-数据全命中",2,2,1,"命名+覆盖率",
83,6,"biz_patient_merge_log","患者合并审计","master_id","主档患者ID","biz_patient","id","1:N","N","A-数据全命中",33,33,1,"命名+覆盖率",
84,6,"biz_patient_merge_log","患者合并审计","merged_id","被并入的患者ID","biz_patient","id","1:N","N","A-数据全命中",33,33,1,"命名+覆盖率",
85,6,"biz_patient_merge_log","患者合并审计","operator_id","操作人ID","sys_employee","id","1:N","Y","A-数据全命中",33,33,1,"命名+覆盖率",
86,6,"biz_patient_past_disease","既往疾病史","patient_id","患者ID","biz_patient","id","1:N","N","B-数据部分命中",22,12,0.5455,"命名+覆盖率",
87,6,"biz_patient_surgery_history","手术外伤史","patient_id","患者ID","biz_patient","id","1:N","N","B-数据部分命中",10,2,0.2,"命名+覆盖率",
88,6,"biz_patient_tag_relation","患者标签关联","patient_id","患者ID","biz_patient","id","1:N","N","A-数据全命中",114,114,1,"命名+覆盖率",
89,6,"biz_patient_tag_relation","患者标签关联","tag_id","标签ID","sys_patient_tag","tag_id","1:N","N","A-数据全命中",114,114,1,"命名+覆盖率",
90,6,"biz_visit","就诊次","patient_id","患者ID","biz_patient","id","1:N","N","A-数据全命中",28,28,1,"命名+覆盖率",
91,7,"biz_appoint_info","挂号信息","patient_id","患者ID","biz_patient","id","1:N","N","A-数据全命中",264,264,1,"命名+覆盖率",
92,7,"biz_appoint_info","挂号信息","dept_id","科室ID","sys_department","id","1:N","N","A-数据全命中",264,262,0.9924,"命名+覆盖率",
93,7,"biz_appoint_info","挂号信息","room_id","诊室ID","sys_clinic_room","id","1:N","Y","D-无数据可验证",0,0,0,"命名+覆盖率",
94,7,"biz_appoint_info","挂号信息","doctor_id","医生ID","sys_employee","id","1:N","Y","A-数据全命中",263,261,0.9924,"命名+覆盖率",
95,7,"biz_appoint_info","挂号信息","schedule_id","排班ID","biz_schedule","id","1:N","Y","A-数据全命中",243,243,1,"命名+覆盖率",
96,7,"biz_appoint_info","挂号信息","slot_id","排班时间片段ID","biz_schedule_slot","id","1:N","Y","A-数据全命中",8,8,1,"命名+覆盖率",
97,7,"biz_appoint_info","挂号信息","revisit_record_id","复诊关联的病历ID","biz_medical_record","id","1:N","Y","A-数据全命中",51,51,1,"命名+覆盖率",
98,7,"biz_appoint_info","挂号信息","bill_id","挂号费结算账单ID","biz_settlement_bill","id","1:N","Y","B-数据部分命中",61,6,0.0984,"命名+覆盖率",
99,7,"biz_appoint_info","挂号信息","create_by_id","创建人","sys_user","id","1:N","Y","A-人工口径",0,0,0,"命名+覆盖率",
100,7,"biz_appoint_info","挂号信息","update_by_id","更新人","sys_user","id","1:N","Y","A-人工口径",0,0,0,"命名+覆盖率",
101,7,"biz_previsit_record","患者端预问诊记录（挂号后病史采集）","regist_id","挂号ID（一次挂号一份问卷）","biz_appoint_info","id","1:N","N","A-数据全命中",1,1,1,"命名+覆盖率",
102,7,"biz_previsit_record","患者端预问诊记录（挂号后病史采集）","patient_id","患者ID","biz_patient","id","1:N","N","A-数据全命中",1,1,1,"命名+覆盖率",
103,7,"biz_previsit_record","患者端预问诊记录（挂号后病史采集）","dept_id","就诊科室ID","sys_department","id","1:N","Y","A-数据全命中",1,1,1,"命名+覆盖率",
104,7,"biz_queue","候诊队列","regist_id","挂号ID","biz_appoint_info","id","1:N","N","A-数据全命中",10,10,1,"命名+覆盖率",
105,7,"biz_queue","候诊队列","patient_id","患者ID","biz_patient","id","1:N","N","A-数据全命中",10,10,1,"命名+覆盖率",
106,7,"biz_queue","候诊队列","dept_id","科室ID","sys_department","id","1:N","N","B-数据部分命中",10,8,0.8,"命名+覆盖率",
107,7,"biz_queue","候诊队列","doctor_id","医生ID","sys_employee","id","1:N","Y","B-数据部分命中",9,7,0.7778,"命名+覆盖率",
108,7,"biz_queue","候诊队列","room_id","诊室ID","sys_clinic_room","id","1:N","Y","A-数据全命中",1,1,1,"命名+覆盖率",
109,7,"biz_schedule","排班信息","staff_schedule_id","员工排班ID","biz_staff_schedule","id","1:N","Y","A-数据全命中",276,276,1,"命名+覆盖率",
110,7,"biz_schedule","排班信息","dept_id","科室ID","sys_department","id","1:N","N","A-数据全命中",275,275,1,"命名+覆盖率",
111,7,"biz_schedule","排班信息","room_id","诊室ID","sys_clinic_room","id","1:N","Y","A-数据全命中",86,86,1,"命名+覆盖率",
112,7,"biz_schedule","排班信息","doctor_id","医生ID","sys_employee","id","1:N","N","A-数据全命中",275,275,1,"命名+覆盖率",
113,7,"biz_schedule","排班信息","shift_id","标准班次ID","biz_shift","id","1:N","Y","B-数据部分命中",179,53,0.2961,"命名+覆盖率",
114,7,"biz_schedule_change_log","排班变更记录","staff_schedule_id","员工排班ID","biz_staff_schedule","id","1:N","N","D-无数据可验证",0,0,0,"命名+覆盖率",
115,7,"biz_schedule_change_log","排班变更记录","from_employee_id","原值班人","sys_employee","id","1:N","Y","D-无数据可验证",0,0,0,"命名+覆盖率",
116,7,"biz_schedule_change_log","排班变更记录","to_employee_id","实际值班人","sys_employee","id","1:N","Y","D-无数据可验证",0,0,0,"命名+覆盖率",
117,7,"biz_schedule_change_log","排班变更记录","from_shift_id","原班次ID","biz_shift","id","1:N","Y","D-无数据可验证",0,0,0,"命名+覆盖率",
118,7,"biz_schedule_change_log","排班变更记录","to_shift_id","新班次ID","biz_shift","id","1:N","Y","D-无数据可验证",0,0,0,"命名+覆盖率",
119,7,"biz_schedule_slot","排班时段号源","schedule_id","排班ID","biz_schedule","id","1:N","N","A-数据全命中",783,749,0.9566,"命名+覆盖率",
120,7,"biz_schedule_slot_template","排班模板时段","template_id","排班模板ID","biz_schedule_template","id","1:N","N","A-数据全命中",124,124,1,"命名+覆盖率",
121,7,"biz_schedule_template","排班周模板","dept_id","科室ID","sys_department","id","1:N","N","A-数据全命中",16,16,1,"命名+覆盖率",
122,7,"biz_schedule_template","排班周模板","doctor_id","医生ID","sys_employee","id","1:N","N","A-数据全命中",16,16,1,"命名+覆盖率",
123,7,"biz_schedule_template","排班周模板","shift_id","标准班次ID","biz_shift","id","1:N","Y","A-数据全命中",1,1,1,"命名+覆盖率",
124,7,"biz_schedule_template","排班周模板","room_id","诊室ID","sys_clinic_room","id","1:N","Y","A-数据全命中",15,15,1,"命名+覆盖率",
125,7,"biz_staff_attendance","实际出勤（闭环第3步：计划 vs 实际的对照落点）","staff_schedule_id","关联的排班事实ID（biz_staff_schedule.id）；空=无计划的出勤（加班/支援/替班）","biz_staff_schedule","id","1:N","Y","D-无数据可验证",0,0,0,"命名+覆盖率",
126,7,"biz_staff_attendance","实际出勤（闭环第3步：计划 vs 实际的对照落点）","employee_id","员工ID","sys_employee","id","1:N","N","D-无数据可验证",0,0,0,"命名+覆盖率",
127,7,"biz_staff_attendance","实际出勤（闭环第3步：计划 vs 实际的对照落点）","shift_id","班次ID（0-无班次，如自由工时的加班）","biz_shift","id","1:N","N","D-无数据可验证",0,0,0,"命名+覆盖率",
128,7,"biz_staff_attendance","实际出勤（闭环第3步：计划 vs 实际的对照落点）","substitute_for","替了谁的班（employee_id）","sys_employee","id","1:N","Y","D-无数据可验证",0,0,0,"命名+覆盖率",
129,7,"biz_staff_demand","人力需求（需求层：排班的驱动源与分母）","shift_id","班次ID（0-不限班次）","biz_shift","id","1:N","N","C-数据全悬空(仅命名推断)",979,0,0,"命名+覆盖率",
130,7,"biz_staff_plan_rule","人力配置标准","shift_id","标准班次ID（0-该单元全部班次）","biz_shift","id","1:N","N","B-数据部分命中",125,15,0.12,"命名+覆盖率",
131,7,"biz_staff_schedule","员工排班","dept_id","科室ID（全院级为0）","sys_department","id","1:N","N","A-数据全命中",1898,1872,0.9863,"命名+覆盖率",
132,7,"biz_staff_schedule","员工排班","employee_id","员工ID","sys_employee","id","1:N","N","A-数据全命中",1898,1898,1,"命名+覆盖率",
133,7,"biz_staff_schedule","员工排班","employee_post_id","员工岗位ID（人 × 科室 × 角色）","sys_employee_post","id","1:N","Y","A-数据全命中",1703,1703,1,"命名+覆盖率",
134,7,"biz_staff_schedule","员工排班","shift_id","标准班次ID（0-无班次）","biz_shift","id","1:N","N","B-数据部分命中",1898,1474,0.7766,"命名+覆盖率",
135,7,"biz_staff_schedule","员工排班","template_id","来源排班周模板ID","biz_schedule_template","id","1:N","Y","D-无数据可验证",0,0,0,"命名+覆盖率",
136,7,"biz_triage_record","门诊分诊记录","queue_id","队列ID","biz_queue","id","1:N","N","B-数据部分命中",12,2,0.1667,"命名+覆盖率",
137,7,"biz_triage_record","门诊分诊记录","regist_id","挂号ID","biz_appoint_info","id","1:N","Y","B-数据部分命中",12,2,0.1667,"命名+覆盖率",
138,7,"biz_triage_record","门诊分诊记录","patient_id","患者ID","biz_patient","id","1:N","Y","A-数据全命中",12,12,1,"命名+覆盖率",
139,7,"biz_triage_record","门诊分诊记录","room_id","分配诊室ID","sys_clinic_room","id","1:N","Y","B-数据部分命中",10,6,0.6,"命名+覆盖率",
140,7,"biz_triage_record","门诊分诊记录","triage_nurse_id","分诊护士员工ID","sys_employee","id","1:N","Y","A-数据全命中",11,11,1,"命名+覆盖率",
141,7,"biz_triage_rule","智能导诊症状科室映射","dept_id","推荐科室ID","sys_department","id","1:N","N","A-数据全命中",30,30,1,"命名+覆盖率",
142,8,"biz_ai_draft_diff","病历草稿AI留痕（草稿与终稿差异，SFT训练原料）","record_id","病历ID","biz_medical_record","id","1:N","N","A-数据全命中",1,1,1,"命名+覆盖率",
143,8,"biz_ai_draft_diff","病历草稿AI留痕（草稿与终稿差异，SFT训练原料）","regist_id","挂号ID","biz_appoint_info","id","1:N","Y","A-数据全命中",1,1,1,"命名+覆盖率",
144,8,"biz_ai_draft_diff","病历草稿AI留痕（草稿与终稿差异，SFT训练原料）","patient_id","患者ID","biz_patient","id","1:N","Y","A-数据全命中",1,1,1,"命名+覆盖率",
145,8,"biz_ai_draft_diff","病历草稿AI留痕（草稿与终稿差异，SFT训练原料）","dept_id","接诊科室ID","sys_department","id","1:N","Y","A-数据全命中",1,1,1,"命名+覆盖率",
146,8,"biz_ai_draft_diff","病历草稿AI留痕（草稿与终稿差异，SFT训练原料）","doctor_id","终审医生ID","sys_employee","id","1:N","Y","A-数据全命中",1,1,1,"命名+覆盖率",
147,8,"biz_diag_template","常用诊断模板","doctor_id","医生ID","sys_employee","id","1:N","N","A-数据全命中",10,10,1,"命名+覆盖率",
148,8,"biz_infusion_round","输液巡视记录","exec_id","执行行ID","biz_inpatient_order_exec","id","1:N","N","A-数据全命中",1,1,1,"命名+覆盖率",
149,8,"biz_infusion_round","输液巡视记录","order_id","医嘱ID（冗余）","biz_inpatient_order","id","1:N","N","A-数据全命中",1,1,1,"命名+覆盖率",
150,8,"biz_infusion_round","输液巡视记录","admission_id","入院ID（冗余）","biz_admission","admission_id","1:N","N","A-数据全命中",1,1,1,"命名+覆盖率",
151,8,"biz_infusion_round","输液巡视记录","round_nurse_id","巡视护士ID（员工ID）","sys_employee","id","1:N","Y","A-数据全命中",1,1,1,"命名+覆盖率",
152,8,"biz_medical_record","门诊病历","patient_id","患者ID","biz_patient","id","1:N","N","B-数据部分命中",42,39,0.9286,"命名+覆盖率",
153,8,"biz_medical_record","门诊病历","regist_id","挂号ID","biz_appoint_info","id","1:N","N","C-数据全悬空(仅命名推断)",42,1,0.0238,"命名+覆盖率",
154,8,"biz_medical_record","门诊病历","dept_id","科室ID","sys_department","id","1:N","N","A-数据全命中",42,42,1,"命名+覆盖率",
155,8,"biz_medical_record","门诊病历","doctor_id","医生ID","sys_employee","id","1:N","N","B-数据部分命中",42,39,0.9286,"命名+覆盖率",
156,8,"biz_medical_record","门诊病历","sign_id","当前有效签名ID","biz_emr_signature","id","1:N","Y","A-数据全命中",25,25,1,"命名+覆盖率",
157,8,"biz_medical_record_log","门诊病历修改日志","record_id","病历ID","biz_medical_record","id","1:N","N","B-数据部分命中",70,33,0.4714,"命名+覆盖率",
158,8,"biz_medical_record_log","门诊病历修改日志","user_id","操作人ID","sys_user","id","1:N","Y","D-无数据可验证",0,0,0,"命名+覆盖率",
159,8,"biz_narcotic_register","麻精药品专册","prescription_id","处方ID","biz_prescription","id","1:N","Y","A-人工口径",0,0,0,"命名+覆盖率",
160,8,"biz_narcotic_register","麻精药品专册","dispensing_id","发药记录ID","biz_drug_dispensing","id","1:N","Y","D-无数据可验证",0,0,0,"命名+覆盖率",
161,8,"biz_narcotic_register","麻精药品专册","patient_id","患者ID","biz_patient","id","1:N","Y","D-无数据可验证",0,0,0,"命名+覆盖率",
162,8,"biz_narcotic_register","麻精药品专册","dept_id","开方科室ID","sys_department","id","1:N","Y","D-无数据可验证",0,0,0,"命名+覆盖率",
163,8,"biz_narcotic_register","麻精药品专册","drug_id","药品ID","sys_drug","id","1:N","Y","D-无数据可验证",0,0,0,"命名+覆盖率",
164,8,"biz_narcotic_register","麻精药品专册","doctor_id","开方医师ID","sys_employee","id","1:N","Y","D-无数据可验证",0,0,0,"命名+覆盖率",
165,8,"biz_narcotic_register","麻精药品专册","dispense_by_id","发药人ID","sys_employee","id","1:N","Y","D-无数据可验证",0,0,0,"命名+覆盖率",
166,8,"biz_narcotic_register","麻精药品专册","checker_id","复核人ID","sys_employee","id","1:N","Y","D-无数据可验证",0,0,0,"命名+覆盖率",
167,8,"biz_outp_infusion","门诊输液单","treatment_record_id","来源治疗记录ID","biz_treatment_record","record_id","1:N","Y","D-无数据可验证",0,0,0,"命名+覆盖率",
168,8,"biz_outp_infusion","门诊输液单","patient_id","患者ID","biz_patient","id","1:N","N","A-数据全命中",12,12,1,"命名+覆盖率",
169,8,"biz_outp_infusion","门诊输液单","seat_id","座位ID","biz_infusion_seat","id","1:N","Y","A-数据全命中",12,12,1,"命名+覆盖率",
170,8,"biz_outp_infusion","门诊输液单","skin_test_id","皮试记录ID","biz_skin_test","id","1:N","Y","A-数据全命中",8,8,1,"命名+覆盖率",
171,8,"biz_outp_infusion","门诊输液单","nurse_id","责任护士ID","sys_employee","id","1:N","Y","A-数据全命中",12,12,1,"命名+覆盖率",
172,8,"biz_outp_infusion_round","门诊输液巡视记录","infusion_id","输液单ID","biz_outp_infusion","id","1:N","N","A-数据全命中",8,8,1,"命名+覆盖率",
173,8,"biz_outp_infusion_round","门诊输液巡视记录","nurse_id","巡视护士ID","sys_employee","id","1:N","Y","A-数据全命中",8,8,1,"命名+覆盖率",
174,8,"biz_prescription","处方主表","patient_id","患者ID","biz_patient","id","1:N","N","A-数据全命中",338,338,1,"命名+覆盖率",
175,8,"biz_prescription","处方主表","regist_id","挂号ID","biz_appoint_info","id","1:N","N","B-数据部分命中",338,237,0.7012,"命名+覆盖率",
176,8,"biz_prescription","处方主表","record_id","病历ID","biz_medical_record","id","1:N","Y","B-数据部分命中",309,289,0.9353,"命名+覆盖率",
177,8,"biz_prescription","处方主表","dept_id","科室ID","sys_department","id","1:N","N","B-数据部分命中",338,310,0.9172,"命名+覆盖率",
178,8,"biz_prescription","处方主表","doctor_id","医生ID","sys_employee","id","1:N","N","B-数据部分命中",338,314,0.929,"命名+覆盖率",
179,8,"biz_prescription","处方主表","doctor_sign_id","开方医师签名ID","biz_emr_signature","id","1:N","Y","A-数据全命中",10,10,1,"命名+覆盖率",
180,8,"biz_prescription","处方主表","audit_sign_id","审方药师签名ID","biz_emr_signature","id","1:N","Y","A-数据全命中",183,183,1,"命名+覆盖率",
181,8,"biz_prescription_audit_log","处方审方流水","prescription_id","处方 id","biz_prescription","id","1:N","Y","A-数据全命中",216,216,1,"命名+覆盖率",
182,8,"biz_prescription_audit_log","处方审方流水","record_id","病历 id","biz_medical_record","id","1:N","Y","A-数据全命中",216,216,1,"命名+覆盖率",
183,8,"biz_prescription_audit_log","处方审方流水","regist_id","挂号 id","biz_appoint_info","id","1:N","Y","A-数据全命中",216,216,1,"命名+覆盖率",
184,8,"biz_prescription_audit_log","处方审方流水","auditor_id","操作人员工 id","sys_employee","id","1:N","Y","A-数据全命中",216,216,1,"命名+覆盖率",
185,8,"biz_prescription_detail","处方明细","prescription_id","处方ID","biz_prescription","id","1:N","N","A-数据全命中",434,434,1,"命名+覆盖率",
186,8,"biz_prescription_detail","处方明细","drug_id","药品ID","sys_drug","id","1:N","N","A-数据全命中",434,426,0.9816,"命名+覆盖率",
187,8,"biz_rx_doctor_talk","医师约谈记录","doctor_id","被约谈医师ID","sys_employee","id","1:N","Y","C-数据全悬空(仅命名推断)",1,0,0,"命名+覆盖率",
188,8,"biz_rx_flow","处方流转单","prescription_id","处方ID","biz_prescription","id","1:N","N","A-数据全命中",2,2,1,"命名+覆盖率",
189,8,"biz_rx_flow","处方流转单","patient_id","患者ID","biz_patient","id","1:N","N","A-数据全命中",2,2,1,"命名+覆盖率",
190,8,"biz_rx_review_batch","处方点评批次","reviewer_id","点评人员工ID","sys_employee","id","1:N","Y","A-数据全命中",1,1,1,"命名+覆盖率",
191,8,"biz_rx_review_item","处方点评明细","batch_id","批次ID","biz_rx_review_batch","id","1:N","N","A-数据全命中",6,6,1,"命名+覆盖率",
192,8,"biz_rx_review_item","处方点评明细","prescription_id","处方ID","biz_prescription","id","1:N","N","A-数据全命中",6,6,1,"命名+覆盖率",
193,8,"biz_rx_review_item","处方点评明细","doctor_id","开方医生ID（快照）","sys_employee","id","1:N","N","C-数据全悬空(仅命名推断)",6,0,0,"命名+覆盖率",
194,8,"biz_rx_review_item","处方点评明细","reviewer_id","点评人员工ID","sys_employee","id","1:N","Y","A-数据全命中",5,5,1,"命名+覆盖率",
195,8,"biz_rx_template","处方模板","doctor_id","医生ID","sys_employee","id","1:N","N","A-数据全命中",1,1,1,"命名+覆盖率",
196,8,"biz_rx_template_detail","处方模板明细","template_id","模板ID","biz_rx_template","id","1:N","N","A-数据全命中",1,1,1,"命名+覆盖率",
197,8,"biz_rx_template_detail","处方模板明细","drug_id","药品ID","sys_drug","id","1:N","N","A-数据全命中",1,1,1,"命名+覆盖率",
198,8,"biz_skin_test","门诊皮试记录","patient_id","患者ID","biz_patient","id","1:N","N","A-数据全命中",8,8,1,"命名+覆盖率",
199,8,"biz_skin_test","门诊皮试记录","treatment_record_id","来源治疗记录ID","biz_treatment_record","record_id","1:N","Y","D-无数据可验证",0,0,0,"命名+覆盖率",
200,8,"biz_skin_test","门诊皮试记录","nurse_id","执行护士ID","sys_employee","id","1:N","Y","A-数据全命中",8,8,1,"命名+覆盖率",
201,8,"biz_tcm_decoct","中药代煎单","prescription_id","处方ID","biz_prescription","id","1:1","N","A-人工口径",0,0,0,"命名+覆盖率",
202,8,"biz_tcm_decoct","中药代煎单","patient_id","患者ID（快照）","biz_patient","id","1:N","N","D-无数据可验证",0,0,0,"命名+覆盖率",
203,8,"biz_tcm_decoct","中药代煎单","pharmacy_id","代煎药房ID","sys_department","id","1:N","Y","A-人工口径",0,0,0,"命名+覆盖率",
204,8,"biz_tcm_decoct","中药代煎单","operator_id","最近一次状态操作人","sys_employee","id","1:N","Y","D-无数据可验证",0,0,0,"命名+覆盖率",
205,9,"biz_admission","入院记录","patient_id","患者ID","biz_patient","id","1:N","N","A-数据全命中",317,314,0.9905,"命名+覆盖率",
206,9,"biz_admission","入院记录","visit_id","就诊次ID","biz_visit","visit_id","1:N","Y","A-数据全命中",36,36,1,"命名+覆盖率",
207,9,"biz_admission","入院记录","regist_id","来源挂号ID","biz_appoint_info","id","1:N","Y","C-数据全悬空(仅命名推断)",17,0,0,"命名+覆盖率",
208,9,"biz_admission","入院记录","admission_order_id","来源住院证ID","biz_admission_order","id","1:N","Y","A-数据全命中",10,10,1,"命名+覆盖率",
209,9,"biz_admission","入院记录","admit_dept_id","入院科室ID","sys_department","id","1:N","Y","A-数据全命中",292,282,0.9658,"命名+覆盖率",
210,9,"biz_admission","入院记录","dept_id","入院科室ID","sys_department","id","1:N","Y","A-数据全命中",316,305,0.9652,"命名+覆盖率",
211,9,"biz_admission","入院记录","ward_id","病区ID","sys_ward","ward_id","1:N","N","B-数据部分命中",317,299,0.9432,"命名+覆盖率",
212,9,"biz_admission","入院记录","bed_id","床位ID","sys_bed","bed_id","1:N","N","B-数据部分命中",317,299,0.9432,"命名+覆盖率",
213,9,"biz_admission","入院记录","admit_doctor_id","入院医生ID","sys_employee","id","1:N","N","A-数据全命中",317,308,0.9716,"命名+覆盖率",
214,9,"biz_admission_order","入院通知单","patient_id","患者ID","biz_patient","id","1:N","N","A-数据全命中",49,49,1,"命名+覆盖率",
215,9,"biz_admission_order","入院通知单","regist_id","来源挂号ID","biz_appoint_info","id","1:N","Y","C-数据全悬空(仅命名推断)",31,0,0,"命名+覆盖率",
216,9,"biz_admission_order","入院通知单","visit_id","来源就诊次ID","biz_visit","visit_id","1:N","Y","D-无数据可验证",0,0,0,"命名+覆盖率",
217,9,"biz_admission_order","入院通知单","source_dept_id","开证科室ID","sys_department","id","1:N","Y","A-数据全命中",32,32,1,"命名+覆盖率",
218,9,"biz_admission_order","入院通知单","source_doctor_id","开证医生ID","sys_employee","id","1:N","Y","A-数据全命中",31,30,0.9677,"命名+覆盖率",
219,9,"biz_admission_order","入院通知单","apply_dept_id","拟收治科室ID","sys_department","id","1:N","Y","A-数据全命中",49,49,1,"命名+覆盖率",
220,9,"biz_admission_order","入院通知单","admission_id","收治后回填的入院ID","biz_admission","admission_id","1:N","Y","A-数据全命中",10,10,1,"命名+覆盖率",
221,9,"biz_admission_order","入院通知单","admit_dept_id","实际收治科室ID","sys_department","id","1:N","Y","A-数据全命中",10,10,1,"命名+覆盖率",
222,9,"biz_attending_relation","住院管床关系（主管医生，带时效的归属）","admission_id","住院登记ID","biz_admission","admission_id","1:N","N","A-数据全命中",46,46,1,"命名+覆盖率",
223,9,"biz_attending_relation","住院管床关系（主管医生，带时效的归属）","patient_id","患者ID","biz_patient","id","1:N","N","A-数据全命中",46,46,1,"命名+覆盖率",
224,9,"biz_attending_relation","住院管床关系（主管医生，带时效的归属）","employee_id","主管医生ID","sys_employee","id","1:N","N","A-数据全命中",46,46,1,"命名+覆盖率",
225,9,"biz_attending_relation","住院管床关系（主管医生，带时效的归属）","dept_id","科室ID","sys_department","id","1:N","N","A-数据全命中",46,44,0.9565,"命名+覆盖率",
226,9,"biz_attending_relation","住院管床关系（主管医生，带时效的归属）","ward_id","病区ID","sys_ward","ward_id","1:N","N","B-数据部分命中",46,38,0.8261,"命名+覆盖率",
227,9,"biz_attending_relation","住院管床关系（主管医生，带时效的归属）","bed_id","床位ID","sys_bed","bed_id","1:N","N","B-数据部分命中",46,38,0.8261,"命名+覆盖率",
228,9,"biz_bed_allocate","床位调配台账","bed_id","床位ID","sys_bed","bed_id","1:N","N","A-数据全命中",45,45,1,"命名+覆盖率",
229,9,"biz_bed_allocate","床位调配台账","ward_id","病区ID（快照）","sys_ward","ward_id","1:N","Y","A-数据全命中",45,45,1,"命名+覆盖率",
230,9,"biz_bed_allocate","床位调配台账","own_dept_id","床位归属科室ID","sys_department","id","1:N","Y","A-数据全命中",45,45,1,"命名+覆盖率",
231,9,"biz_bed_allocate","床位调配台账","use_dept_id","实际使用科室ID","sys_department","id","1:N","Y","A-数据全命中",45,45,1,"命名+覆盖率",
232,9,"biz_bed_allocate","床位调配台账","wait_id","来源等床记录ID","biz_bed_wait","id","1:N","Y","A-数据全命中",45,45,1,"命名+覆盖率",
233,9,"biz_bed_allocate","床位调配台账","patient_id","患者ID","biz_patient","id","1:N","Y","A-数据全命中",45,45,1,"命名+覆盖率",
234,9,"biz_bed_allocate","床位调配台账","operator_id","操作人ID","sys_employee","id","1:N","Y","A-数据全命中",45,45,1,"命名+覆盖率",
235,9,"biz_bed_allocate","床位调配台账","admission_id","转入院后的入院ID","biz_admission","admission_id","1:N","Y","A-数据全命中",9,9,1,"命名+覆盖率",
236,9,"biz_bed_wait","等床队列","admission_order_id","来源住院证ID","biz_admission_order","id","1:1","Y","A-数据全命中",12,12,1,"命名+覆盖率",
237,9,"biz_bed_wait","等床队列","patient_id","患者ID","biz_patient","id","1:N","N","A-数据全命中",42,42,1,"命名+覆盖率",
238,9,"biz_bed_wait","等床队列","apply_dept_id","拟收治科室ID","sys_department","id","1:N","Y","A-数据全命中",42,42,1,"命名+覆盖率",
239,9,"biz_bed_wait","等床队列","expect_ward_id","期望病区ID","sys_ward","ward_id","1:N","Y","A-数据全命中",7,7,1,"命名+覆盖率",
240,9,"biz_bed_wait","等床队列","assigned_bed_id","已安排的床位ID","sys_bed","bed_id","1:N","Y","A-数据全命中",12,12,1,"命名+覆盖率",
241,9,"biz_bed_wait","等床队列","assigned_ward_id","已安排床位所在病区ID","sys_ward","ward_id","1:N","Y","A-数据全命中",12,12,1,"命名+覆盖率",
242,9,"biz_bed_wait","等床队列","assigned_dept_id","已安排床位所属科室ID","sys_department","id","1:N","Y","A-数据全命中",12,12,1,"命名+覆盖率",
243,9,"biz_bed_wait","等床队列","admission_id","收治后回填的入院ID","biz_admission","admission_id","1:N","Y","A-数据全命中",9,9,1,"命名+覆盖率",
244,9,"biz_consultation","会诊申请记录","patient_id","患者ID","biz_patient","id","1:N","N","B-数据部分命中",34,32,0.9412,"命名+覆盖率",
245,9,"biz_consultation","会诊申请记录","visit_id","就诊次ID","biz_visit","visit_id","1:N","Y","A-数据全命中",13,13,1,"命名+覆盖率",
246,9,"biz_consultation","会诊申请记录","admission_id","入院ID","biz_admission","admission_id","1:N","Y","A-数据全命中",28,28,1,"命名+覆盖率",
247,9,"biz_consultation","会诊申请记录","from_dept_id","申请科室ID","sys_department","id","1:N","N","B-数据部分命中",34,25,0.7353,"命名+覆盖率",
248,9,"biz_consultation","会诊申请记录","apply_doctor_id","申请医生ID","sys_employee","id","1:N","Y","B-数据部分命中",28,24,0.8571,"命名+覆盖率",
249,9,"biz_consultation","会诊申请记录","to_dept_id","会诊科室ID","sys_department","id","1:N","N","B-数据部分命中",34,28,0.8235,"命名+覆盖率",
250,9,"biz_consultation","会诊申请记录","doctor_id","会诊医生ID","sys_employee","id","1:N","N","B-数据部分命中",34,23,0.6765,"命名+覆盖率",
251,9,"biz_consultation","会诊申请记录","accept_doctor_id","接诊医生ID（员工ID）","sys_employee","id","1:N","Y","A-数据全命中",15,15,1,"命名+覆盖率",
252,9,"biz_consultation","会诊申请记录","record_id","回写的住院病历ID","biz_inpatient_record","id","1:N","Y","A-数据全命中",4,4,1,"命名+覆盖率",
253,9,"biz_critical_notice","病危重通知回执","admission_id","住院记录ID","biz_admission","admission_id","1:N","N","A-数据全命中",12,12,1,"命名+覆盖率",
254,9,"biz_critical_notice","病危重通知回执","patient_id","患者ID","biz_patient","id","1:N","N","A-数据全命中",12,12,1,"命名+覆盖率",
255,9,"biz_critical_notice","病危重通知回执","dept_id","开单科室ID","sys_department","id","1:N","Y","B-数据部分命中",12,11,0.9167,"命名+覆盖率",
256,9,"biz_critical_notice","病危重通知回执","doctor_id","告知医师ID","sys_employee","id","1:N","Y","A-数据全命中",9,9,1,"命名+覆盖率",
257,9,"biz_critical_notice","病危重通知回执","witness_doctor_id","见证医师ID","sys_employee","id","1:N","Y","D-无数据可验证",0,0,0,"命名+覆盖率",
258,9,"biz_critical_notice","病危重通知回执","sign_id","当前有效签名ID","biz_emr_signature","id","1:N","Y","A-数据全命中",3,3,1,"命名+覆盖率",
259,9,"biz_discharge","出院记录","admission_id","入院ID","biz_admission","admission_id","1:N","N","A-数据全命中",8,8,1,"命名+覆盖率",
260,9,"biz_discharge","出院记录","patient_id","患者ID","biz_patient","id","1:N","N","A-数据全命中",8,8,1,"命名+覆盖率",
261,9,"biz_discharge","出院记录","discharge_doctor_id","出院医生ID","sys_employee","id","1:N","Y","C-数据全悬空(仅命名推断)",5,0,0,"命名+覆盖率",
262,9,"biz_discharge_drug","出院带药单","admission_id","入院ID","biz_admission","admission_id","1:N","N","A-数据全命中",4,4,1,"命名+覆盖率",
263,9,"biz_discharge_drug","出院带药单","patient_id","患者ID","biz_patient","id","1:N","N","A-数据全命中",4,4,1,"命名+覆盖率",
264,9,"biz_discharge_drug","出院带药单","drug_id","药品ID","sys_drug","id","1:N","Y","D-无数据可验证",0,0,0,"命名+覆盖率",
265,9,"biz_discharge_drug","出院带药单","dispense_by","发药人（员工ID）","sys_employee","id","1:N","Y","A-数据全命中",4,4,1,"命名+覆盖率",
266,9,"biz_inpatient_leave","住院请假登记","admission_id","住院记录ID","biz_admission","admission_id","1:N","N","A-数据全命中",7,7,1,"命名+覆盖率",
267,9,"biz_inpatient_leave","住院请假登记","patient_id","患者ID","biz_patient","id","1:N","N","A-数据全命中",7,7,1,"命名+覆盖率",
268,9,"biz_inpatient_leave","住院请假登记","dept_id","申请时点所在科室ID","sys_department","id","1:N","Y","A-数据全命中",7,7,1,"命名+覆盖率",
269,9,"biz_inpatient_leave","住院请假登记","doctor_id","审批医师ID","sys_employee","id","1:N","Y","A-数据全命中",5,5,1,"命名+覆盖率",
270,9,"biz_inpatient_leave","住院请假登记","sign_id","当前有效签名ID","biz_emr_signature","id","1:N","Y","D-无数据可验证",0,0,0,"命名+覆盖率",
271,9,"biz_inpatient_order","住院医嘱主表","admission_id","入院ID","biz_admission","admission_id","1:N","N","A-数据全命中",119,119,1,"命名+覆盖率",
272,9,"biz_inpatient_order","住院医嘱主表","patient_id","患者ID","biz_patient","id","1:N","N","A-数据全命中",119,117,0.9832,"命名+覆盖率",
273,9,"biz_inpatient_order","住院医嘱主表","dept_id","开立科室ID","sys_department","id","1:N","Y","B-数据部分命中",114,103,0.9035,"命名+覆盖率",
274,9,"biz_inpatient_order","住院医嘱主表","ward_id","病区ID","sys_ward","ward_id","1:N","Y","B-数据部分命中",117,80,0.6838,"命名+覆盖率",
275,9,"biz_inpatient_order","住院医嘱主表","doctor_id","开立医生ID（员工ID）","sys_employee","id","1:N","Y","A-数据全命中",118,115,0.9746,"命名+覆盖率",
276,9,"biz_inpatient_order","住院医嘱主表","doctor_sign_id","开立医生签名ID","biz_emr_signature","id","1:N","Y","A-数据全命中",71,71,1,"命名+覆盖率",
277,9,"biz_inpatient_order","住院医嘱主表","verify_nurse_id","校对护士ID（员工ID）","sys_employee","id","1:N","Y","B-数据部分命中",39,36,0.9231,"命名+覆盖率",
278,9,"biz_inpatient_order","住院医嘱主表","nurse_sign_id","校对护士签名ID","biz_emr_signature","id","1:N","Y","A-数据全命中",18,18,1,"命名+覆盖率",
279,9,"biz_inpatient_order","住院医嘱主表","stop_doctor_id","停止医嘱的医生ID","sys_employee","id","1:N","Y","A-数据全命中",27,27,1,"命名+覆盖率",
280,9,"biz_inpatient_order_exec","医嘱执行记录","order_id","医嘱ID","biz_inpatient_order","id","1:N","N","A-数据全命中",93,93,1,"命名+覆盖率",
281,9,"biz_inpatient_order_exec","医嘱执行记录","admission_id","入院ID","biz_admission","admission_id","1:N","N","A-数据全命中",93,93,1,"命名+覆盖率",
282,9,"biz_inpatient_order_exec","医嘱执行记录","patient_id","患者ID（冗余）","biz_patient","id","1:N","Y","A-数据全命中",93,93,1,"命名+覆盖率",
283,9,"biz_inpatient_order_exec","医嘱执行记录","exec_nurse_id","执行护士ID（员工ID）","sys_employee","id","1:N","Y","A-数据全命中",23,23,1,"命名+覆盖率",
284,9,"biz_inpatient_order_exec","医嘱执行记录","fee_record_id","本次执行生成的记账行ID","biz_fee_record","id","1:N","Y","B-数据部分命中",15,4,0.2667,"命名+覆盖率",
285,9,"biz_inpatient_order_template","医嘱模板","doctor_id","归属医生","sys_employee","id","1:N","Y","A-数据全命中",27,27,1,"命名+覆盖率",
286,9,"biz_inpatient_order_template","医嘱模板","dept_id","创建时科室ID","sys_department","id","1:N","Y","A-数据全命中",27,27,1,"命名+覆盖率",
287,9,"biz_inpatient_order_template_item","医嘱模板明细","template_id","模板主表ID","biz_inpatient_order_template","id","1:N","N","A-数据全命中",7,7,1,"命名+覆盖率",
288,9,"biz_inpatient_transfer","住院转科轨迹","admission_id","入院ID","biz_admission","admission_id","1:N","N","A-数据全命中",11,11,1,"命名+覆盖率",
289,9,"biz_inpatient_transfer","住院转科轨迹","patient_id","患者ID","biz_patient","id","1:N","N","A-数据全命中",11,11,1,"命名+覆盖率",
290,9,"biz_inpatient_transfer","住院转科轨迹","from_dept_id","转出科室ID","sys_department","id","1:N","Y","A-数据全命中",11,11,1,"命名+覆盖率",
291,9,"biz_inpatient_transfer","住院转科轨迹","from_ward_id","转出病区ID","sys_ward","ward_id","1:N","Y","A-数据全命中",11,11,1,"命名+覆盖率",
292,9,"biz_inpatient_transfer","住院转科轨迹","from_bed_id","转出床位ID","sys_bed","bed_id","1:N","Y","A-数据全命中",11,11,1,"命名+覆盖率",
293,9,"biz_inpatient_transfer","住院转科轨迹","to_dept_id","转入科室ID","sys_department","id","1:N","N","A-数据全命中",11,11,1,"命名+覆盖率",
294,9,"biz_inpatient_transfer","住院转科轨迹","to_ward_id","转入病区ID","sys_ward","ward_id","1:N","N","A-数据全命中",11,11,1,"命名+覆盖率",
295,9,"biz_inpatient_transfer","住院转科轨迹","to_bed_id","转入床位ID","sys_bed","bed_id","1:N","N","A-数据全命中",11,11,1,"命名+覆盖率",
296,9,"biz_inpatient_transfer","住院转科轨迹","apply_doctor_id","转出方发起医生ID","sys_employee","id","1:N","Y","A-数据全命中",11,11,1,"命名+覆盖率",
297,9,"biz_inpatient_transfer","住院转科轨迹","receive_doctor_id","转入方接收医生ID（员工ID）","sys_employee","id","1:N","Y","A-数据全命中",5,5,1,"命名+覆盖率",
298,9,"biz_inpatient_transfer","住院转科轨迹","record_id","回写的住院病历ID","biz_inpatient_record","id","1:N","Y","A-数据全命中",5,5,1,"命名+覆盖率",
299,10,"biz_nurse_schedule","病区护理排班","ward_id","病区ID","sys_ward","ward_id","1:N","N","A-数据全命中",1680,1680,1,"命名+覆盖率",
300,10,"biz_nurse_schedule","病区护理排班","dept_id","科室ID","sys_department","id","1:N","N","A-数据全命中",1680,1680,1,"命名+覆盖率",
301,10,"biz_nurse_schedule","病区护理排班","employee_id","护士ID","sys_employee","id","1:N","N","A-数据全命中",1680,1680,1,"命名+覆盖率",
302,10,"biz_nurse_schedule","病区护理排班","shift_id","班次ID","biz_shift","id","1:N","Y","A-数据全命中",1256,1256,1,"命名+覆盖率",
303,10,"biz_nurse_schedule","病区护理排班","staff_schedule_id","关联的出勤事实 biz_staff_schedule.id（护理格子→底座的指路牌）","biz_staff_schedule","id","1:N","Y","A-数据全命中",1680,1680,1,"命名+覆盖率",
304,10,"biz_nurse_schedule_rule","护理人力配置标准","ward_id","病区ID","sys_ward","ward_id","1:N","N","A-数据全命中",18,18,1,"命名+覆盖率",
305,10,"biz_nurse_schedule_rule","护理人力配置标准","shift_id","班次ID","biz_shift","id","1:N","N","B-数据部分命中",18,15,0.8333,"命名+覆盖率",
306,10,"biz_nursing_assessment","护理评估单","admission_id","入院ID","biz_admission","admission_id","1:N","N","A-数据全命中",18,18,1,"命名+覆盖率",
307,10,"biz_nursing_assessment","护理评估单","patient_id","患者ID","biz_patient","id","1:N","N","B-数据部分命中",18,15,0.8333,"命名+覆盖率",
308,10,"biz_nursing_assessment","护理评估单","ward_id","病区ID（快照）","sys_ward","ward_id","1:N","Y","B-数据部分命中",18,10,0.5556,"命名+覆盖率",
309,10,"biz_nursing_assessment","护理评估单","assess_nurse_id","评估护士ID（员工ID）","sys_employee","id","1:N","Y","B-数据部分命中",18,8,0.4444,"命名+覆盖率",
310,10,"biz_nursing_qc_check","护理质量检查单","ward_id","病区ID","sys_ward","ward_id","1:N","N","A-数据全命中",112,112,1,"命名+覆盖率",
311,10,"biz_nursing_qc_check","护理质量检查单","dept_id","科室ID","sys_department","id","1:N","N","A-数据全命中",112,112,1,"命名+覆盖率",
312,10,"biz_nursing_qc_check","护理质量检查单","inspector_id","检查人员工ID","sys_employee","id","1:N","Y","A-数据全命中",110,110,1,"命名+覆盖率",
313,10,"biz_nursing_qc_check_item","护理质量检查明细","check_id","检查单ID","biz_nursing_qc_check","id","1:N","N","A-数据全命中",559,559,1,"命名+覆盖率",
314,10,"biz_nursing_qc_check_item","护理质量检查明细","item_id","检查项ID","sys_nursing_qc_item","id","1:N","N","A-人工口径",559,559,1,"命名+覆盖率",
315,10,"biz_nursing_qc_indicator","护理质控指标台账","ward_id","病区ID","sys_ward","ward_id","1:N","N","A-数据全命中",109,109,1,"命名+覆盖率",
316,10,"biz_nursing_qc_indicator","护理质控指标台账","dept_id","科室ID（快照）","sys_department","id","1:N","N","A-数据全命中",109,109,1,"命名+覆盖率",
317,10,"biz_nursing_record","护理文书","admission_id","入院ID","biz_admission","admission_id","1:N","N","A-数据全命中",16,16,1,"命名+覆盖率",
318,10,"biz_nursing_record","护理文书","patient_id","患者ID","biz_patient","id","1:N","N","A-数据全命中",16,16,1,"命名+覆盖率",
319,10,"biz_nursing_record","护理文书","dept_id","科室ID","sys_department","id","1:N","Y","A-数据全命中",15,15,1,"命名+覆盖率",
320,10,"biz_nursing_record","护理文书","ward_id","病区ID","sys_ward","ward_id","1:N","Y","A-数据全命中",15,15,1,"命名+覆盖率",
321,10,"biz_nursing_record","护理文书","nurse_id","记录护士ID（员工ID）","sys_employee","id","1:N","Y","A-数据全命中",15,15,1,"命名+覆盖率",
322,11,"biz_archive_borrow","病案借阅复印","archive_id","归档记录 biz_medical_record_archive.id","biz_medical_record_archive","id","1:N","N","A-数据全命中",1,1,1,"命名+覆盖率",
323,11,"biz_archive_borrow","病案借阅复印","applicant_id","申请人员工ID","sys_employee","id","1:N","N","A-数据全命中",1,1,1,"命名+覆盖率",
324,11,"biz_archive_borrow","病案借阅复印","audit_by_id","审核人员工ID","sys_employee","id","1:N","Y","A-数据全命中",1,1,1,"命名+覆盖率",
325,11,"biz_archive_code_task","病案编码任务池","archive_id","归档记录 biz_medical_record_archive.id","biz_medical_record_archive","id","1:N","N","A-数据全命中",61,61,1,"命名+覆盖率",
326,11,"biz_archive_code_task","病案编码任务池","coder_id","编码人员工ID","sys_employee","id","1:N","Y","A-数据全命中",1,1,1,"命名+覆盖率",
327,11,"biz_archive_code_task","病案编码任务池","audit_by_id","审核人员工ID","sys_employee","id","1:N","Y","A-数据全命中",1,1,1,"命名+覆盖率",
328,11,"biz_drg_sim_result","DRG 分组模拟结果","summary_id","病案首页ID","biz_inpatient_summary","id","1:1","N","A-数据全命中",3,3,1,"命名+覆盖率",
329,11,"biz_emr_signature","电子签名证据","patient_id","患者ID","biz_patient","id","1:N","Y","A-数据全命中",471,468,0.9936,"命名+覆盖率",
330,11,"biz_emr_signature","电子签名证据","dept_id","对象所属科室ID（快照）","sys_department","id","1:N","Y","B-数据部分命中",450,391,0.8689,"命名+覆盖率",
331,11,"biz_emr_signature","电子签名证据","prev_sign_id","前一次签名ID","biz_emr_signature","id","1:N","Y","A-数据全命中",106,106,1,"命名+覆盖率",
332,11,"biz_emr_signature","电子签名证据","signer_id","签名人员工ID","sys_employee","id","1:N","N","A-数据全命中",471,463,0.983,"命名+覆盖率",
333,11,"biz_emr_signature","电子签名证据","signer_dept_id","签名人科室ID（快照）","sys_department","id","1:N","Y","B-数据部分命中",450,415,0.9222,"命名+覆盖率",
334,11,"biz_emr_signature","电子签名证据","cert_id","所用证书ID","sys_sign_cert","id","1:N","N","A-数据全命中",471,471,1,"命名+覆盖率",
335,11,"biz_emr_signature","电子签名证据","invalid_by","作废操作人员工ID","sys_employee","id","1:N","Y","A-数据全命中",16,16,1,"命名+覆盖率",
336,11,"biz_inpatient_diagnosis","病案首页诊断明细","admission_id","入院ID","biz_admission","admission_id","1:N","N","D-无数据可验证",0,0,0,"命名+覆盖率",
337,11,"biz_inpatient_operation","病案首页手术明细","admission_id","入院ID","biz_admission","admission_id","1:N","N","A-数据全命中",20,20,1,"命名+覆盖率",
338,11,"biz_inpatient_operation","病案首页手术明细","apply_id","来源手术申请单ID","biz_operation_apply","id","1:N","Y","A-数据全命中",11,11,1,"命名+覆盖率",
339,11,"biz_inpatient_operation","病案首页手术明细","surgeon_id","主刀医师ID","sys_employee","id","1:N","Y","A-数据全命中",11,11,1,"命名+覆盖率",
340,11,"biz_inpatient_record","住院病历文书","admission_id","入院ID","biz_admission","admission_id","1:N","N","B-数据部分命中",63,55,0.873,"命名+覆盖率",
341,11,"biz_inpatient_record","住院病历文书","patient_id","患者ID","biz_patient","id","1:N","N","B-数据部分命中",63,55,0.873,"命名+覆盖率",
342,11,"biz_inpatient_record","住院病历文书","dept_id","科室ID","sys_department","id","1:N","Y","A-数据全命中",54,53,0.9815,"命名+覆盖率",
343,11,"biz_inpatient_record","住院病历文书","ward_id","病区ID","sys_ward","ward_id","1:N","Y","A-数据全命中",54,53,0.9815,"命名+覆盖率",
344,11,"biz_inpatient_record","住院病历文书","doctor_id","书写医生ID","sys_employee","id","1:N","Y","A-数据全命中",54,54,1,"命名+覆盖率",
345,11,"biz_inpatient_record","住院病历文书","archive_by","归档人ID（员工ID）","sys_employee","id","1:N","Y","A-数据全命中",5,5,1,"命名+覆盖率",
346,11,"biz_inpatient_record","住院病历文书","sign_id","当前有效签名ID","biz_emr_signature","id","1:N","Y","A-数据全命中",9,9,1,"命名+覆盖率",
347,11,"biz_inpatient_record_log","住院文书修改日志","record_id","单据ID","biz_inpatient_record","id","1:N","N","B-数据部分命中",156,93,0.5962,"命名+覆盖率",
348,11,"biz_inpatient_record_log","住院文书修改日志","user_id","操作人ID（员工ID）","sys_employee","id","1:N","Y","A-数据全命中",156,156,1,"命名+覆盖率",
349,11,"biz_inpatient_summary","住院病案首页","admission_id","入院ID","biz_admission","admission_id","1:1","N","A-数据全命中",40,40,1,"命名+覆盖率",
350,11,"biz_inpatient_summary","住院病案首页","patient_id","患者ID","biz_patient","id","1:N","N","A-数据全命中",40,40,1,"命名+覆盖率",
351,11,"biz_inpatient_summary","住院病案首页","admit_dept_id","入院科别ID","sys_department","id","1:N","Y","A-数据全命中",12,12,1,"命名+覆盖率",
352,11,"biz_inpatient_summary","住院病案首页","dept_id","科室ID","sys_department","id","1:N","Y","A-数据全命中",36,36,1,"命名+覆盖率",
353,11,"biz_inpatient_summary","住院病案首页","ward_id","病区ID","sys_ward","ward_id","1:N","Y","A-数据全命中",32,32,1,"命名+覆盖率",
354,11,"biz_medical_record_archive","病历归档","record_id","病历ID","biz_medical_record","id","1:N","N","B-数据部分命中",66,52,0.7879,"命名+覆盖率",
355,11,"biz_medical_record_archive","病历归档","patient_id","患者ID","biz_patient","id","1:N","N","B-数据部分命中",66,58,0.8788,"命名+覆盖率",
356,11,"biz_medical_record_archive","病历归档","regist_id","挂号ID","biz_appoint_info","id","1:N","Y","C-数据全悬空(仅命名推断)",57,2,0.0351,"命名+覆盖率",
357,11,"biz_medical_record_archive","病历归档","dept_id","科室ID","sys_department","id","1:N","Y","B-数据部分命中",65,55,0.8462,"命名+覆盖率",
358,11,"biz_medical_record_archive","病历归档","doctor_id","医生ID","sys_employee","id","1:N","Y","B-数据部分命中",65,57,0.8769,"命名+覆盖率",
359,11,"biz_quality_control","质控检查记录","record_id","病历ID","biz_inpatient_record","id","1:N","N","B-数据部分命中",529,413,0.7807,"命名+覆盖率",
360,11,"biz_quality_control","质控检查记录","patient_id","患者ID","biz_patient","id","1:N","N","B-数据部分命中",529,412,0.7788,"命名+覆盖率",
361,11,"biz_quality_control_issue","质控问题明细","qc_id","质控单ID","biz_quality_control","id","1:N","N","A-数据全命中",777,777,1,"命名+覆盖率",
362,11,"biz_quality_control_issue","质控问题明细","record_id","病历ID","biz_inpatient_record","id","1:N","N","B-数据部分命中",777,453,0.583,"命名+覆盖率",
363,11,"biz_quality_control_issue","质控问题明细","patient_id","患者ID","biz_patient","id","1:N","Y","B-数据部分命中",777,466,0.5997,"命名+覆盖率",
364,11,"biz_record_qc_flow","病历三级质控流转单","record_id","病历ID","biz_medical_record","id","1:N","N","A-数据全命中",1,1,1,"命名+覆盖率",
365,11,"biz_record_qc_flow","病历三级质控流转单","patient_id","患者ID","biz_patient","id","1:N","N","C-数据全悬空(仅命名推断)",1,0,0,"命名+覆盖率",
366,11,"biz_record_qc_flow","病历三级质控流转单","dept_id","病历所属科室ID","sys_department","id","1:N","Y","A-数据全命中",1,1,1,"命名+覆盖率",
367,11,"biz_record_qc_flow_action","质控流转动作时间线","flow_id","流转单ID","biz_record_qc_flow","id","1:N","N","A-数据全命中",6,6,1,"命名+覆盖率",
368,11,"biz_record_qc_flow_action","质控流转动作时间线","operator_id","操作人员工ID","sys_employee","id","1:N","Y","A-数据全命中",6,6,1,"命名+覆盖率",
369,11,"biz_stat_report","病案统计上报台账","dept_id","科室ID","sys_department","id","1:N","Y","A-数据全命中",3,3,1,"命名+覆盖率",
370,12,"biz_critical_value","检验危急值","record_id","检验记录ID","biz_laboratory_record","id","1:N","Y","B-数据部分命中",11,10,0.9091,"命名+覆盖率",
371,12,"biz_critical_value","检验危急值","patient_id","患者ID","biz_patient","id","1:N","N","A-数据全命中",13,13,1,"命名+覆盖率",
372,12,"biz_critical_value","检验危急值","report_dept_id","报告科室ID","sys_department","id","1:N","Y","B-数据部分命中",11,8,0.7273,"命名+覆盖率",
373,12,"biz_lab_result","检验结果","record_id","检验记录ID","biz_laboratory_record","id","1:N","N","B-数据部分命中",92,23,0.25,"命名+覆盖率",
374,12,"biz_lab_result","检验结果","laboratory_item_id","检验项目ID","sys_laboratory_item","id","1:N","N","A-数据全命中",92,92,1,"命名+覆盖率",
375,12,"biz_laboratory_apply","检验申请单","patient_id","患者ID","biz_patient","id","1:N","N","A-数据全命中",52,52,1,"命名+覆盖率",
376,12,"biz_laboratory_apply","检验申请单","regist_id","挂号ID","biz_appoint_info","id","1:N","N","B-数据部分命中",52,4,0.0769,"命名+覆盖率",
377,12,"biz_laboratory_apply","检验申请单","record_id","病历ID","biz_medical_record","id","1:N","Y","A-数据全命中",46,45,0.9783,"命名+覆盖率",
378,12,"biz_laboratory_apply","检验申请单","dept_id","申请科室ID","sys_department","id","1:N","N","A-数据全命中",52,50,0.9615,"命名+覆盖率",
379,12,"biz_laboratory_apply","检验申请单","doctor_id","申请医生ID","sys_employee","id","1:N","N","A-数据全命中",52,51,0.9808,"命名+覆盖率",
380,12,"biz_laboratory_apply","检验申请单","laboratory_item_id","检验项目ID","sys_laboratory_item","id","1:N","N","A-数据全命中",52,52,1,"命名+覆盖率",
381,12,"biz_laboratory_apply","检验申请单","laboratory_dept_id","检验科室ID","sys_department","id","1:N","Y","B-数据部分命中",20,2,0.1,"命名+覆盖率",
382,12,"biz_laboratory_apply","检验申请单","sign_id","当前有效签名ID","biz_emr_signature","id","1:N","Y","D-无数据可验证",0,0,0,"命名+覆盖率",
383,12,"biz_laboratory_apply","检验申请单","report_id","报告ID","biz_report","id","1:N","Y","D-无数据可验证",0,0,0,"命名+覆盖率",
384,12,"biz_laboratory_record","检验记录","apply_id","申请单ID","biz_laboratory_apply","id","1:N","N","A-数据全命中",26,26,1,"命名+覆盖率",
385,12,"biz_laboratory_record","检验记录","patient_id","患者ID","biz_patient","id","1:N","N","A-数据全命中",26,26,1,"命名+覆盖率",
386,12,"biz_laboratory_record","检验记录","apply_dept_id","申请科室ID","sys_department","id","1:N","Y","A-数据全命中",26,25,0.9615,"命名+覆盖率",
387,12,"biz_laboratory_record","检验记录","apply_doctor_id","申请医生ID","sys_employee","id","1:N","Y","B-数据部分命中",19,18,0.9474,"命名+覆盖率",
388,12,"biz_laboratory_record","检验记录","laboratory_item_id","检验项目ID","sys_laboratory_item","id","1:N","N","A-数据全命中",26,26,1,"命名+覆盖率",
389,12,"biz_laboratory_record","检验记录","laboratory_dept_id","检验科室ID","sys_department","id","1:N","Y","B-数据部分命中",22,6,0.2727,"命名+覆盖率",
390,12,"biz_laboratory_record","检验记录","report_sign_id","报告医师签名ID","biz_emr_signature","id","1:N","Y","A-数据全命中",4,4,1,"命名+覆盖率",
391,12,"biz_laboratory_record","检验记录","audit_sign_id","审核医师签名ID","biz_emr_signature","id","1:N","Y","A-数据全命中",4,4,1,"命名+覆盖率",
392,12,"biz_laboratory_template","检验申请模板","doctor_id","医生ID","sys_employee","id","1:N","N","A-数据全命中",1,1,1,"命名+覆盖率",
393,12,"biz_laboratory_template","检验申请模板","laboratory_item_id","检验项目ID","sys_laboratory_item","id","1:N","N","A-数据全命中",1,1,1,"命名+覆盖率",
394,12,"biz_lis_eqa_compare","室间质评仪器间比对","plan_id","质评批次ID","biz_lis_eqa_plan","id","1:N","N","A-数据全命中",20,20,1,"命名+覆盖率",
395,12,"biz_lis_eqa_sample","室间质评盲样","plan_id","质评批次ID","biz_lis_eqa_plan","id","1:N","N","A-数据全命中",42,42,1,"命名+覆盖率",
396,12,"biz_lis_eqa_sample","室间质评盲样","item_id","检验项目ID","biz_compliance_audit_item","id","1:N","Y","D-无数据可验证",0,0,0,"命名+覆盖率",
397,12,"biz_lis_qc_plan","室内质控计划","item_id","检验项目ID","biz_compliance_audit_item","id","1:N","Y","D-无数据可验证",0,0,0,"命名+覆盖率",
398,12,"biz_lis_qc_record","室内质控记录","plan_id","质控计划ID","biz_lis_qc_plan","id","1:N","N","A-数据全命中",11,11,1,"命名+覆盖率",
399,13,"biz_ecg_holter","Holter 动态心电","record_id","检查记录ID","biz_inspection_record","id","1:N","N","A-数据全命中",1,1,1,"命名+覆盖率",
400,13,"biz_ecg_holter","Holter 动态心电","waveform_id","波形ID","biz_ecg_waveform","id","1:N","Y","A-数据全命中",1,1,1,"命名+覆盖率",
401,13,"biz_ecg_measure","心电测量参数","record_id","检查记录ID","biz_inspection_record","id","1:N","N","A-数据全命中",2,2,1,"命名+覆盖率",
402,13,"biz_ecg_measure","心电测量参数","waveform_id","波形ID","biz_ecg_waveform","id","1:N","Y","A-数据全命中",2,2,1,"命名+覆盖率",
403,13,"biz_ecg_waveform","心电波形采集","record_id","检查记录ID","biz_inspection_record","id","1:N","N","A-数据全命中",2,2,1,"命名+覆盖率",
404,13,"biz_ecg_waveform","心电波形采集","apply_id","检查申请单ID（冗余）","biz_inspection_apply","id","1:N","Y","A-数据全命中",2,2,1,"命名+覆盖率",
405,13,"biz_ecg_waveform","心电波形采集","patient_id","患者ID","biz_patient","id","1:N","N","A-数据全命中",2,2,1,"命名+覆盖率",
406,13,"biz_endoscopy_record","内镜检查记录","patient_id","患者ID","biz_patient","id","1:N","N","C-数据全悬空(仅命名推断)",4,0,0,"命名+覆盖率",
407,13,"biz_endoscopy_record","内镜检查记录","apply_dept_id","申请科室ID","sys_department","id","1:N","Y","D-无数据可验证",0,0,0,"命名+覆盖率",
408,13,"biz_endoscopy_record","内镜检查记录","apply_doctor_id","申请医生ID","sys_employee","id","1:N","Y","D-无数据可验证",0,0,0,"命名+覆盖率",
409,13,"biz_exam_appointment","检查预约单","apply_id","检查申请单ID","biz_inspection_apply","id","1:N","N","A-人工口径",0,0,0,"命名+覆盖率",
410,13,"biz_exam_appointment","检查预约单","patient_id","患者ID","biz_patient","id","1:N","N","D-无数据可验证",0,0,0,"命名+覆盖率",
411,13,"biz_exam_appointment","检查预约单","apply_dept_id","申请科室ID","sys_department","id","1:N","Y","D-无数据可验证",0,0,0,"命名+覆盖率",
412,13,"biz_exam_appointment","检查预约单","doctor_id","申请医生ID","sys_employee","id","1:N","Y","D-无数据可验证",0,0,0,"命名+覆盖率",
413,13,"biz_exam_appointment","检查预约单","item_id","检查项目ID","biz_compliance_audit_item","id","1:N","Y","D-无数据可验证",0,0,0,"命名+覆盖率",
414,13,"biz_exam_appointment","检查预约单","device_id","设备ID","biz_exam_device","id","1:N","N","D-无数据可验证",0,0,0,"命名+覆盖率",
415,13,"biz_exam_appointment","检查预约单","exam_dept_id","检查科室ID（快照）","sys_department","id","1:N","Y","D-无数据可验证",0,0,0,"命名+覆盖率",
416,13,"biz_exam_device","检查设备档位","equipment_id","设备台账ID","sys_equipment","id","1:N","Y","A-数据全命中",7,7,1,"命名+覆盖率",
417,13,"biz_exam_device","检查设备档位","dept_id","检查科室ID","sys_department","id","1:N","Y","A-数据全命中",8,8,1,"命名+覆盖率",
418,13,"biz_exam_device_item","设备可开展项目","device_id","设备ID","biz_exam_device","id","1:N","N","A-数据全命中",111,111,1,"命名+覆盖率",
419,13,"biz_exam_device_item","设备可开展项目","item_id","检查项目ID","sys_inspection_item","id","1:N","N","A-人工口径",111,111,1,"命名+覆盖率",
420,13,"biz_exam_film","检查胶片用量","record_id","检查记录ID","biz_inspection_record","id","1:N","N","A-数据全命中",3,3,1,"命名+覆盖率",
421,13,"biz_exam_film","检查胶片用量","apply_id","检查申请单ID","biz_inspection_apply","id","1:N","Y","A-数据全命中",3,3,1,"命名+覆盖率",
422,13,"biz_exam_film","检查胶片用量","patient_id","患者ID","biz_patient","id","1:N","N","A-数据全命中",3,3,1,"命名+覆盖率",
423,13,"biz_exam_film","检查胶片用量","spec_id","胶片规格ID","biz_film_spec","id","1:N","N","A-数据全命中",3,3,1,"命名+覆盖率",
424,13,"biz_exam_film","检查胶片用量","fee_id","记账流水ID","biz_fee_record","id","1:N","Y","A-数据全命中",2,2,1,"命名+覆盖率",
425,13,"biz_exam_image","检查影像帧","apply_id","申请单ID","biz_inspection_apply","id","1:N","N","A-人工口径",0,0,0,"命名+覆盖率",
426,13,"biz_exam_image","检查影像帧","record_id","执行记录ID","biz_inspection_record","id","1:N","Y","A-人工口径",0,0,0,"命名+覆盖率",
427,13,"biz_exam_image","检查影像帧","patient_id","患者ID（快照）","biz_patient","id","1:N","N","D-无数据可验证",0,0,0,"命名+覆盖率",
428,13,"biz_exam_slot","检查设备号源时段","device_id","设备ID","biz_exam_device","id","1:N","N","A-数据全命中",147,147,1,"命名+覆盖率",
429,13,"biz_inspection_apply","检查申请单","patient_id","患者ID","biz_patient","id","1:N","N","A-数据全命中",95,95,1,"命名+覆盖率",
430,13,"biz_inspection_apply","检查申请单","regist_id","挂号ID","biz_appoint_info","id","1:N","N","C-数据全悬空(仅命名推断)",95,3,0.0316,"命名+覆盖率",
431,13,"biz_inspection_apply","检查申请单","record_id","病历ID","biz_medical_record","id","1:N","Y","A-数据全命中",90,89,0.9889,"命名+覆盖率",
432,13,"biz_inspection_apply","检查申请单","dept_id","申请科室ID","sys_department","id","1:N","N","A-数据全命中",95,94,0.9895,"命名+覆盖率",
433,13,"biz_inspection_apply","检查申请单","doctor_id","申请医生ID","sys_employee","id","1:N","N","A-数据全命中",95,94,0.9895,"命名+覆盖率",
434,13,"biz_inspection_apply","检查申请单","inspection_item_id","检查项目ID","sys_inspection_item","id","1:N","N","A-数据全命中",95,93,0.9789,"命名+覆盖率",
435,13,"biz_inspection_apply","检查申请单","inspection_dept_id","检查科室ID","sys_department","id","1:N","Y","C-数据全悬空(仅命名推断)",57,0,0,"命名+覆盖率",
436,13,"biz_inspection_apply","检查申请单","sign_id","当前有效签名ID","biz_emr_signature","id","1:N","Y","D-无数据可验证",0,0,0,"命名+覆盖率",
437,13,"biz_inspection_apply","检查申请单","report_id","报告ID","biz_report","id","1:N","Y","D-无数据可验证",0,0,0,"命名+覆盖率",
438,13,"biz_inspection_record","检查记录","apply_id","申请单ID","biz_inspection_apply","id","1:N","N","A-数据全命中",50,50,1,"命名+覆盖率",
439,13,"biz_inspection_record","检查记录","patient_id","患者ID","biz_patient","id","1:N","N","A-数据全命中",50,50,1,"命名+覆盖率",
440,13,"biz_inspection_record","检查记录","apply_dept_id","申请科室ID","sys_department","id","1:N","Y","A-数据全命中",47,47,1,"命名+覆盖率",
441,13,"biz_inspection_record","检查记录","apply_doctor_id","申请医生ID","sys_employee","id","1:N","Y","A-数据全命中",42,41,0.9762,"命名+覆盖率",
442,13,"biz_inspection_record","检查记录","inspection_item_id","检查项目ID","sys_inspection_item","id","1:N","N","A-数据全命中",50,48,0.96,"命名+覆盖率",
443,13,"biz_inspection_record","检查记录","inspection_dept_id","检查科室ID","sys_department","id","1:N","Y","C-数据全悬空(仅命名推断)",40,0,0,"命名+覆盖率",
444,13,"biz_inspection_record","检查记录","report_sign_id","报告医师签名ID","biz_emr_signature","id","1:N","Y","A-数据全命中",10,10,1,"命名+覆盖率",
445,13,"biz_inspection_record","检查记录","audit_sign_id","审核医师签名ID","biz_emr_signature","id","1:N","Y","A-数据全命中",8,8,1,"命名+覆盖率",
446,13,"biz_inspection_template","检查申请模板","doctor_id","医生ID","sys_employee","id","1:N","N","A-数据全命中",1,1,1,"命名+覆盖率",
447,13,"biz_inspection_template","检查申请模板","inspection_item_id","检查项目ID","sys_inspection_item","id","1:N","N","A-数据全命中",1,1,1,"命名+覆盖率",
448,13,"biz_medicaltech_execution","医技执行记录","patient_id","患者ID","biz_patient","id","1:N","N","D-无数据可验证",0,0,0,"命名+覆盖率",
449,13,"biz_medicaltech_execution","医技执行记录","item_id","项目ID","biz_compliance_audit_item","id","1:N","Y","D-无数据可验证",0,0,0,"命名+覆盖率",
450,13,"biz_medicaltech_execution","医技执行记录","executor_id","执行人ID","sys_employee","id","1:N","Y","D-无数据可验证",0,0,0,"命名+覆盖率",
451,13,"biz_medicaltech_execution","医技执行记录","reviewer_id","审核人ID","sys_employee","id","1:N","Y","D-无数据可验证",0,0,0,"命名+覆盖率",
452,13,"biz_pathology_block","病理蜡块与切片","order_id","病理主单ID","biz_pathology_order","id","1:N","N","A-数据全命中",4,4,1,"命名+覆盖率",
453,13,"biz_pathology_order","病理检查主单","patient_id","患者ID","biz_patient","id","1:N","N","C-数据全悬空(仅命名推断)",8,0,0,"命名+覆盖率",
454,13,"biz_pathology_order","病理检查主单","apply_dept_id","申请科室ID","sys_department","id","1:N","Y","D-无数据可验证",0,0,0,"命名+覆盖率",
455,13,"biz_pathology_order","病理检查主单","apply_doctor_id","申请医生ID","sys_employee","id","1:N","Y","D-无数据可验证",0,0,0,"命名+覆盖率",
456,13,"biz_radio_report_template","放射报告模板","doctor_id","归属医生","sys_employee","id","1:N","Y","D-无数据可验证",0,0,0,"命名+覆盖率",
457,13,"biz_report","报告单","patient_id","患者ID","biz_patient","id","1:N","N","A-数据全命中",39,39,1,"命名+覆盖率",
458,13,"biz_report","报告单","apply_doctor_id","申请医生ID","sys_employee","id","1:N","Y","B-数据部分命中",6,5,0.8333,"命名+覆盖率",
459,13,"biz_report","报告单","write_by_id","报告书写人员工ID","sys_employee","id","1:N","Y","B-数据部分命中",4,2,0.5,"命名+覆盖率",
460,13,"biz_ultrasound_measure","超声测量值","record_id","超声记录ID","biz_ultrasound_record","id","1:N","N","A-数据全命中",8,8,1,"命名+覆盖率",
461,13,"biz_ultrasound_record","超声检查记录","patient_id","患者ID","biz_patient","id","1:N","N","C-数据全悬空(仅命名推断)",4,0,0,"命名+覆盖率",
462,13,"biz_ultrasound_record","超声检查记录","apply_dept_id","申请科室ID","sys_department","id","1:N","Y","D-无数据可验证",0,0,0,"命名+覆盖率",
463,13,"biz_ultrasound_record","超声检查记录","apply_doctor_id","申请医生ID","sys_employee","id","1:N","Y","D-无数据可验证",0,0,0,"命名+覆盖率",
464,14,"biz_anesthesia_followup","麻醉术后随访单","record_id","麻醉记录ID","biz_anesthesia_record","id","1:N","N","A-数据全命中",5,5,1,"命名+覆盖率",
465,14,"biz_anesthesia_followup","麻醉术后随访单","apply_id","手术申请单ID（快照）","biz_operation_apply","id","1:N","Y","A-数据全命中",5,5,1,"命名+覆盖率",
466,14,"biz_anesthesia_followup","麻醉术后随访单","admission_id","入院ID","biz_admission","admission_id","1:N","N","A-数据全命中",5,5,1,"命名+覆盖率",
467,14,"biz_anesthesia_followup","麻醉术后随访单","patient_id","患者ID","biz_patient","id","1:N","N","A-数据全命中",5,5,1,"命名+覆盖率",
468,14,"biz_anesthesia_followup","麻醉术后随访单","followup_doctor_id","随访麻醉医师ID（员工ID）","sys_employee","id","1:N","Y","A-数据全命中",5,5,1,"命名+覆盖率",
469,14,"biz_anesthesia_med","麻醉用药记录","record_id","麻醉记录ID","biz_anesthesia_record","id","1:N","N","A-数据全命中",2,2,1,"命名+覆盖率",
470,14,"biz_anesthesia_pacu","PACU 复苏记录","record_id","麻醉记录ID","biz_anesthesia_record","id","1:1","N","A-数据全命中",2,2,1,"命名+覆盖率",
471,14,"biz_anesthesia_pacu","PACU 复苏记录","apply_id","手术申请单ID","biz_operation_apply","id","1:N","N","A-数据全命中",2,2,1,"命名+覆盖率",
472,14,"biz_anesthesia_pacu","PACU 复苏记录","admission_id","入院ID","biz_admission","admission_id","1:N","N","A-数据全命中",2,2,1,"命名+覆盖率",
473,14,"biz_anesthesia_pacu","PACU 复苏记录","patient_id","患者ID","biz_patient","id","1:N","N","A-数据全命中",2,2,1,"命名+覆盖率",
474,14,"biz_anesthesia_pacu","PACU 复苏记录","nurse_id","复苏护士ID（员工ID）","sys_employee","id","1:N","Y","A-数据全命中",2,2,1,"命名+覆盖率",
475,14,"biz_anesthesia_pacu","PACU 复苏记录","anesthetist_id","负责麻醉医师ID（员工ID）","sys_employee","id","1:N","Y","A-数据全命中",2,2,1,"命名+覆盖率",
476,14,"biz_anesthesia_record","麻醉记录单","apply_id","手术申请单ID","biz_operation_apply","id","1:1","N","A-数据全命中",5,5,1,"命名+覆盖率",
477,14,"biz_anesthesia_record","麻醉记录单","admission_id","入院ID","biz_admission","admission_id","1:N","N","A-数据全命中",5,5,1,"命名+覆盖率",
478,14,"biz_anesthesia_record","麻醉记录单","patient_id","患者ID","biz_patient","id","1:N","N","A-数据全命中",5,5,1,"命名+覆盖率",
479,14,"biz_anesthesia_record","麻醉记录单","visit_id","来源术前访视单ID","biz_anesthesia_visit","id","1:N","Y","A-数据全命中",1,1,1,"命名+覆盖率",
480,14,"biz_anesthesia_record","麻醉记录单","anesthetist_id","麻醉医师ID（员工ID）","sys_employee","id","1:N","Y","A-数据全命中",5,5,1,"命名+覆盖率",
481,14,"biz_anesthesia_record","麻醉记录单","submit_doctor_id","提交人ID（员工ID）","sys_employee","id","1:N","Y","A-数据全命中",2,2,1,"命名+覆盖率",
482,14,"biz_anesthesia_record","麻醉记录单","audit_doctor_id","审核人ID（员工ID）","sys_employee","id","1:N","Y","A-数据全命中",1,1,1,"命名+覆盖率",
483,14,"biz_anesthesia_visit","麻醉术前访视单","apply_id","手术申请单ID","biz_operation_apply","id","1:1","N","A-数据全命中",3,3,1,"命名+覆盖率",
484,14,"biz_anesthesia_visit","麻醉术前访视单","admission_id","入院ID","biz_admission","admission_id","1:N","N","A-数据全命中",3,3,1,"命名+覆盖率",
485,14,"biz_anesthesia_visit","麻醉术前访视单","patient_id","患者ID","biz_patient","id","1:N","N","A-数据全命中",3,3,1,"命名+覆盖率",
486,14,"biz_anesthesia_visit","麻醉术前访视单","visit_doctor_id","访视麻醉医师ID（员工ID）","sys_employee","id","1:N","Y","A-数据全命中",3,3,1,"命名+覆盖率",
487,14,"biz_anesthesia_vital","麻醉期间生命体征","record_id","麻醉记录ID","biz_anesthesia_record","id","1:N","N","A-数据全命中",3,3,1,"命名+覆盖率",
488,14,"biz_day_surgery_apply","日间手术登记单","item_id","准入术式ID","biz_day_surgery_item","id","1:N","N","A-数据全命中",27,27,1,"命名+覆盖率",
489,14,"biz_day_surgery_apply","日间手术登记单","patient_id","患者ID","biz_patient","id","1:N","N","A-数据全命中",27,27,1,"命名+覆盖率",
490,14,"biz_day_surgery_apply","日间手术登记单","dept_id","手术科室ID","sys_department","id","1:N","Y","D-无数据可验证",0,0,0,"命名+覆盖率",
491,14,"biz_day_surgery_apply","日间手术登记单","doctor_id","手术医生ID（员工ID）","sys_employee","id","1:N","Y","D-无数据可验证",0,0,0,"命名+覆盖率",
492,14,"biz_day_surgery_apply","日间手术登记单","transfer_admission_id","转住院的住院ID","biz_admission","admission_id","1:N","Y","A-数据全命中",4,4,1,"命名+覆盖率",
493,14,"biz_day_surgery_follow","日间手术随访台账","apply_id","登记单ID","biz_day_surgery_apply","id","1:N","N","A-数据全命中",9,9,1,"命名+覆盖率",
494,14,"biz_day_surgery_follow","日间手术随访台账","operator_id","随访人（员工ID）","sys_employee","id","1:N","Y","A-数据全命中",9,9,1,"命名+覆盖率",
495,14,"biz_day_surgery_item","日间手术准入目录","dept_id","适用科室ID","sys_department","id","1:N","Y","A-数据全命中",8,8,1,"命名+覆盖率",
496,14,"biz_operation_apply","手术申请单","admission_id","入院ID","biz_admission","admission_id","1:N","N","A-数据全命中",43,43,1,"命名+覆盖率",
497,14,"biz_operation_apply","手术申请单","patient_id","患者ID","biz_patient","id","1:N","N","A-数据全命中",43,43,1,"命名+覆盖率",
498,14,"biz_operation_apply","手术申请单","apply_dept_id","申请科室ID","sys_department","id","1:N","Y","B-数据部分命中",42,26,0.619,"命名+覆盖率",
499,14,"biz_operation_apply","手术申请单","apply_doctor_id","申请医生ID","sys_employee","id","1:N","Y","A-数据全命中",42,42,1,"命名+覆盖率",
500,14,"biz_operation_apply","手术申请单","surgeon_id","主刀医师ID（员工ID）","sys_employee","id","1:N","Y","A-数据全命中",26,26,1,"命名+覆盖率",
501,14,"biz_operation_apply","手术申请单","anesthetist_id","麻醉医师ID（员工ID）","sys_employee","id","1:N","Y","A-数据全命中",4,4,1,"命名+覆盖率",
502,14,"biz_operation_apply","手术申请单","schedule_doctor_id","排台操作人ID（员工ID）","sys_employee","id","1:N","Y","A-数据全命中",10,10,1,"命名+覆盖率",
503,14,"biz_operation_apply","手术申请单","preop_check_doctor_id","术前核对人ID（员工ID）","sys_employee","id","1:N","Y","A-数据全命中",19,19,1,"命名+覆盖率",
504,14,"biz_operation_apply","手术申请单","finish_doctor_id","完成录入人ID（员工ID）","sys_employee","id","1:N","Y","A-数据全命中",11,11,1,"命名+覆盖率",
505,14,"biz_operation_apply","手术申请单","operation_id","回写病案首页手术明细ID","biz_inpatient_operation","id","1:N","Y","A-数据全命中",11,11,1,"命名+覆盖率",
506,14,"biz_operation_apply","手术申请单","record_id","回写住院病历ID","biz_inpatient_record","id","1:N","Y","A-数据全命中",11,11,1,"命名+覆盖率",
507,14,"biz_operation_apply","手术申请单","cancel_doctor_id","取消人ID（员工ID）","sys_employee","id","1:N","Y","A-数据全命中",11,11,1,"命名+覆盖率",
508,14,"biz_operation_charge_item","手术麻醉计费明细","apply_id","手术申请单ID","biz_operation_apply","id","1:N","N","A-数据全命中",7,7,1,"命名+覆盖率",
509,14,"biz_operation_charge_item","手术麻醉计费明细","admission_id","入院ID","biz_admission","admission_id","1:N","N","A-数据全命中",7,7,1,"命名+覆盖率",
510,14,"biz_operation_charge_item","手术麻醉计费明细","patient_id","患者ID","biz_patient","id","1:N","N","A-数据全命中",7,7,1,"命名+覆盖率",
511,14,"biz_operation_charge_item","手术麻醉计费明细","fee_record_id","记账行ID","biz_fee_record","id","1:N","Y","C-数据全悬空(仅命名推断)",7,0,0,"命名+覆盖率",
512,14,"biz_operation_count","手术清点主单","apply_id","手术申请单ID","biz_operation_apply","id","1:1","N","A-数据全命中",2,2,1,"命名+覆盖率",
513,14,"biz_operation_count","手术清点主单","admission_id","入院ID","biz_admission","admission_id","1:N","N","A-数据全命中",2,2,1,"命名+覆盖率",
514,14,"biz_operation_count","手术清点主单","patient_id","患者ID","biz_patient","id","1:N","N","A-数据全命中",2,2,1,"命名+覆盖率",
515,14,"biz_operation_count","手术清点主单","instrument_nurse_id","器械（洗手）","sys_employee","id","1:N","Y","A-人工口径",2,2,1,"命名+覆盖率",
516,14,"biz_operation_count","手术清点主单","circulate_nurse_id","巡回护士ID（员工ID）","sys_employee","id","1:N","Y","A-数据全命中",2,2,1,"命名+覆盖率",
517,14,"biz_operation_count","手术清点主单","before_nurse_id","术前清点核对人ID","sys_employee","id","1:N","Y","A-数据全命中",2,2,1,"命名+覆盖率",
518,14,"biz_operation_count","手术清点主单","closure_nurse_id","关体前清点核对人ID（员工ID）","sys_employee","id","1:N","Y","A-数据全命中",2,2,1,"命名+覆盖率",
519,14,"biz_operation_count","手术清点主单","final_nurse_id","关体后清点核对人ID（员工ID）","sys_employee","id","1:N","Y","A-数据全命中",1,1,1,"命名+覆盖率",
520,14,"biz_operation_count_item","手术清点明细","count_id","清点单ID","biz_operation_count","id","1:N","N","A-数据全命中",5,5,1,"命名+覆盖率",
521,14,"biz_operation_safety_check","手术安全核查单","apply_id","手术申请单ID","biz_operation_apply","id","1:N","N","A-数据全命中",5,5,1,"命名+覆盖率",
522,14,"biz_operation_safety_check","手术安全核查单","admission_id","入院ID","biz_admission","admission_id","1:N","N","A-数据全命中",5,5,1,"命名+覆盖率",
523,14,"biz_operation_safety_check","手术安全核查单","patient_id","患者ID","biz_patient","id","1:N","N","A-数据全命中",5,5,1,"命名+覆盖率",
524,14,"biz_operation_safety_check","手术安全核查单","surgeon_id","手术医师","sys_employee","id","1:N","N","A-数据全命中",5,5,1,"命名+覆盖率",
525,14,"biz_operation_safety_check","手术安全核查单","anesthetist_id","麻醉医师员工ID","sys_employee","id","1:N","N","A-数据全命中",5,5,1,"命名+覆盖率",
526,14,"biz_operation_safety_check","手术安全核查单","nurse_id","手术室护士（器械/巡回）","sys_employee","id","1:N","N","A-数据全命中",5,5,1,"命名+覆盖率",
527,14,"biz_operation_safety_check","手术安全核查单","recorder_id","录入人ID","sys_employee","id","1:N","Y","A-数据全命中",5,5,1,"命名+覆盖率",
528,15,"biz_blood_crossmatch","交叉配血记录","patient_id","患者ID","biz_patient","id","1:N","Y","C-数据全悬空(仅命名推断)",4,0,0,"命名+覆盖率",
529,15,"biz_transfusion_apply","输血申请单","admission_id","入院ID","biz_admission","admission_id","1:N","N","A-数据全命中",70,70,1,"命名+覆盖率",
530,15,"biz_transfusion_apply","输血申请单","patient_id","患者ID","biz_patient","id","1:N","N","A-数据全命中",70,70,1,"命名+覆盖率",
531,15,"biz_transfusion_apply","输血申请单","apply_dept_id","申请科室ID","sys_department","id","1:N","Y","A-数据全命中",70,70,1,"命名+覆盖率",
532,15,"biz_transfusion_apply","输血申请单","apply_doctor_id","申请医生ID","sys_employee","id","1:N","Y","A-数据全命中",70,70,1,"命名+覆盖率",
533,15,"biz_transfusion_apply","输血申请单","crossmatch_doctor_id","配血人ID","sys_employee","id","1:N","Y","A-数据全命中",21,21,1,"命名+覆盖率",
534,15,"biz_transfusion_apply","输血申请单","issue_doctor_id","发血人ID（员工ID）","sys_employee","id","1:N","Y","A-数据全命中",17,17,1,"命名+覆盖率",
535,15,"biz_transfusion_apply","输血申请单","check_nurse_id","核对护士1 ID（员工ID）","sys_employee","id","1:N","Y","A-数据全命中",10,10,1,"命名+覆盖率",
536,15,"biz_transfusion_apply","输血申请单","check_nurse2_id","核对护士2 ID","sys_employee","id","1:N","Y","A-数据全命中",10,10,1,"命名+覆盖率",
537,15,"biz_transfusion_apply","输血申请单","infusion_nurse_id","输注执行护士ID（员工ID）","sys_employee","id","1:N","Y","A-数据全命中",10,10,1,"命名+覆盖率",
538,15,"biz_transfusion_apply","输血申请单","reaction_reporter_id","上报人ID（员工ID）","sys_employee","id","1:N","Y","A-数据全命中",10,10,1,"命名+覆盖率",
539,15,"biz_transfusion_apply","输血申请单","finish_doctor_id","完成录入人ID（员工ID）","sys_employee","id","1:N","Y","A-数据全命中",10,10,1,"命名+覆盖率",
540,15,"biz_transfusion_apply","输血申请单","record_id","回写住院病历ID","biz_inpatient_record","id","1:N","Y","A-数据全命中",10,10,1,"命名+覆盖率",
541,15,"biz_transfusion_apply","输血申请单","cancel_doctor_id","取消人ID（员工ID）","sys_employee","id","1:N","Y","A-数据全命中",50,50,1,"命名+覆盖率",
542,15,"biz_transfusion_approve","用血分级审批流水","apply_id","输血申请单ID","biz_transfusion_apply","id","1:N","N","A-数据全命中",15,15,1,"命名+覆盖率",
543,15,"biz_transfusion_approve","用血分级审批流水","approver_id","审批人ID（员工ID）","sys_employee","id","1:N","Y","A-数据全命中",15,15,1,"命名+覆盖率",
544,15,"biz_transfusion_bag","输血血袋明细","apply_id","输血申请单ID","biz_transfusion_apply","id","1:N","N","A-数据全命中",37,37,1,"命名+覆盖率",
545,15,"biz_transfusion_bag","输血血袋明细","admission_id","入院ID","biz_admission","admission_id","1:N","N","A-数据全命中",37,37,1,"命名+覆盖率",
546,15,"biz_transfusion_bag","输血血袋明细","patient_id","患者ID（冗余）","biz_patient","id","1:N","Y","A-数据全命中",37,37,1,"命名+覆盖率",
547,15,"biz_transfusion_bag","输血血袋明细","crossmatch_doctor_id","配血人ID（员工ID）","sys_employee","id","1:N","Y","A-数据全命中",37,37,1,"命名+覆盖率",
548,16,"biz_duty_log","总值班值班日志","roster_id","所属排班行 biz_duty_roster.id","biz_duty_roster","id","1:N","Y","D-无数据可验证",0,0,0,"命名+覆盖率",
549,16,"biz_duty_log","总值班值班日志","employee_id","值班人","sys_employee","id","1:N","N","A-数据全命中",21,21,1,"命名+覆盖率",
550,16,"biz_duty_log","总值班值班日志","handover_emp_id","接班人","sys_employee","id","1:N","Y","A-数据全命中",11,11,1,"命名+覆盖率",
551,16,"biz_duty_roster","全院总值班排班","employee_id","值班人","sys_employee","id","1:N","N","A-数据全命中",28,28,1,"命名+覆盖率",
552,16,"biz_duty_roster","全院总值班排班","dept_id","值班人原属科室ID","sys_department","id","1:N","Y","A-数据全命中",28,28,1,"命名+覆盖率",
553,16,"biz_duty_roster","全院总值班排班","substitute_emp_id","临时换班后的实际值班人","sys_employee","id","1:N","Y","A-数据全命中",1,1,1,"命名+覆盖率",
554,16,"biz_duty_roster","全院总值班排班","shift_id","标准班次ID","biz_shift","id","1:N","Y","A-数据全命中",27,27,1,"命名+覆盖率",
555,16,"biz_duty_roster","全院总值班排班","post_id","值班点位ID","biz_duty_post","id","1:N","Y","A-数据全命中",27,27,1,"命名+覆盖率",
556,16,"biz_duty_roster","全院总值班排班","staff_schedule_id","员工排班ID","biz_staff_schedule","id","1:N","Y","A-数据全命中",27,27,1,"命名+覆盖率",
557,16,"biz_emergency","急诊记录","patient_id","患者ID","biz_patient","id","1:N","N","A-数据全命中",12,12,1,"命名+覆盖率",
558,16,"biz_emergency","急诊记录","dept_id","接诊科室ID","sys_department","id","1:N","Y","A-数据全命中",12,12,1,"命名+覆盖率",
559,16,"biz_emergency","急诊记录","doctor_id","接诊医生ID","sys_employee","id","1:N","Y","A-数据全命中",9,9,1,"命名+覆盖率",
560,16,"biz_emergency","急诊记录","observation_ward_id","留观病区ID","sys_ward","ward_id","1:N","Y","A-数据全命中",4,4,1,"命名+覆盖率",
561,16,"biz_emergency","急诊记录","observation_bed_id","留观床位ID","sys_bed","bed_id","1:N","Y","A-数据全命中",4,4,1,"命名+覆盖率",
562,16,"biz_emergency","急诊记录","admission_id","转住院产生的入院记录ID","biz_admission","admission_id","1:N","Y","A-数据全命中",1,1,1,"命名+覆盖率",
563,16,"biz_emergency_handover","急诊交班单","dept_id","交班科室ID","sys_department","id","1:N","N","D-无数据可验证",0,0,0,"命名+覆盖率",
564,16,"biz_emergency_handover","急诊交班单","from_emp_id","交出人员工ID","sys_employee","id","1:N","N","D-无数据可验证",0,0,0,"命名+覆盖率",
565,16,"biz_emergency_handover","急诊交班单","take_emp_id","接班人员工ID","sys_employee","id","1:N","N","D-无数据可验证",0,0,0,"命名+覆盖率",
566,16,"biz_emergency_handover_item","急诊交班明细","handover_id","交班单ID","biz_emergency_handover","id","1:N","N","D-无数据可验证",0,0,0,"命名+覆盖率",
567,16,"biz_emergency_handover_item","急诊交班明细","emergency_id","急诊记录ID","biz_emergency","id","1:N","N","D-无数据可验证",0,0,0,"命名+覆盖率",
568,16,"biz_emergency_handover_item","急诊交班明细","patient_id","患者ID","biz_patient","id","1:N","N","D-无数据可验证",0,0,0,"命名+覆盖率",
569,16,"biz_emergency_handover_item","急诊交班明细","from_doctor_id","交班时的负责医生ID","sys_employee","id","1:N","Y","D-无数据可验证",0,0,0,"命名+覆盖率",
570,16,"biz_emergency_handover_item","急诊交班明细","take_doctor_id","接续责任人","sys_employee","id","1:N","N","D-无数据可验证",0,0,0,"命名+覆盖率",
571,17,"biz_drug_dispensing","药品发药记录","prescription_id","处方ID","biz_prescription","id","1:N","N","A-数据全命中",30,29,0.9667,"命名+覆盖率",
572,17,"biz_drug_dispensing","药品发药记录","patient_id","患者ID","biz_patient","id","1:N","N","A-数据全命中",30,30,1,"命名+覆盖率",
573,17,"biz_drug_dispensing","药品发药记录","drug_id","药品ID","sys_drug","id","1:N","N","A-数据全命中",30,30,1,"命名+覆盖率",
574,17,"biz_drug_dispensing","药品发药记录","pharmacist_id","发药药师ID","sys_employee","id","1:N","Y","A-数据全命中",6,6,1,"命名+覆盖率",
575,17,"biz_drug_dispensing","药品发药记录","prescription_detail_id","处方明细ID","biz_prescription_detail","id","1:N","Y","A-数据全命中",19,19,1,"命名+覆盖率",
576,17,"biz_drug_inbound","药品入库单","purchase_order_id","来源采购订单ID","biz_purchase_order","order_id","1:N","Y","A-数据全命中",6,6,1,"命名+覆盖率",
577,17,"biz_drug_inbound_detail","药品入库明细","inbound_id","入库单ID","biz_drug_inbound","id","1:N","N","A-数据全命中",18,18,1,"命名+覆盖率",
578,17,"biz_drug_inbound_detail","药品入库明细","drug_id","药品ID","sys_drug","id","1:N","N","A-数据全命中",18,18,1,"命名+覆盖率",
579,17,"biz_drug_outbound_detail","药品出库明细","outbound_id","出库单ID","biz_drug_outbound","id","1:N","N","A-数据全命中",20,20,1,"命名+覆盖率",
580,17,"biz_drug_outbound_detail","药品出库明细","drug_id","药品ID","sys_drug","id","1:N","N","A-数据全命中",20,20,1,"命名+覆盖率",
581,17,"biz_drug_package","药品耗材套餐","doctor_id","医生ID","sys_employee","id","1:N","N","A-数据全命中",1,1,1,"命名+覆盖率",
582,17,"biz_drug_package_detail","药品耗材套餐明细","package_id","套餐ID","biz_drug_package","id","1:N","N","A-数据全命中",3,3,1,"命名+覆盖率",
583,17,"biz_drug_stock","药品批次库存","drug_id","药品ID","sys_drug","id","1:N","N","A-数据全命中",409,407,0.9951,"命名+覆盖率",
584,17,"biz_drug_stock","药品批次库存","supplier_id","供应商ID","sys_supplier","supplier_id","1:N","Y","A-数据全命中",130,130,1,"命名+覆盖率",
585,17,"biz_drug_stock_log","药品库存流水","stock_id","库存批次ID","biz_drug_stock","id","1:N","N","A-数据全命中",195,195,1,"命名+覆盖率",
586,17,"biz_drug_stock_log","药品库存流水","drug_id","药品ID","sys_drug","id","1:N","N","A-数据全命中",195,195,1,"命名+覆盖率",
587,17,"biz_drug_supplier_return","药品供应商退货单","supplier_id","供应商ID","sys_supplier","supplier_id","1:N","N","D-无数据可验证",0,0,0,"命名+覆盖率",
588,17,"biz_drug_supplier_return_item","药品供应商退货明细","return_id","退货单ID","biz_drug_supplier_return","id","1:N","N","D-无数据可验证",0,0,0,"命名+覆盖率",
589,17,"biz_drug_supplier_return_item","药品供应商退货明细","stock_id","库存批次ID","biz_consumable_stock","id","1:N","N","D-无数据可验证",0,0,0,"命名+覆盖率",
590,17,"biz_drug_supplier_return_item","药品供应商退货明细","drug_id","药品ID","sys_drug","id","1:N","N","D-无数据可验证",0,0,0,"命名+覆盖率",
591,17,"biz_drug_supplier_return_item","药品供应商退货明细","supplier_id","批次所属供应商ID","sys_supplier","supplier_id","1:N","Y","D-无数据可验证",0,0,0,"命名+覆盖率",
592,17,"biz_drug_trace","药品追溯码台账","drug_id","药品ID","sys_drug","id","1:N","N","A-数据全命中",21,21,1,"命名+覆盖率",
593,17,"biz_drug_trace","药品追溯码台账","stock_id","采集挂靠批次ID","biz_drug_stock","id","1:N","Y","A-数据全命中",21,21,1,"命名+覆盖率",
594,17,"biz_drug_trace","药品追溯码台账","supplier_id","供应商ID","sys_supplier","supplier_id","1:N","Y","D-无数据可验证",0,0,0,"命名+覆盖率",
595,17,"biz_drug_trace","药品追溯码台账","inbound_id","来源入库单ID","biz_drug_inbound","id","1:N","Y","A-数据全命中",3,3,1,"命名+覆盖率",
596,17,"biz_drug_trace","药品追溯码台账","dispensing_id","发药单ID","biz_drug_dispensing","id","1:N","Y","A-数据全命中",6,6,1,"命名+覆盖率",
597,17,"biz_drug_trace","药品追溯码台账","patient_id","患者ID","biz_patient","id","1:N","Y","A-数据全命中",6,6,1,"命名+覆盖率",
598,17,"biz_drug_trace","药品追溯码台账","regist_id","门诊挂号ID（快照）","biz_appoint_info","id","1:N","Y","D-无数据可验证",0,0,0,"命名+覆盖率",
599,17,"biz_drug_trace","药品追溯码台账","admission_id","住院ID（快照）","biz_admission","admission_id","1:N","Y","D-无数据可验证",0,0,0,"命名+覆盖率",
600,17,"biz_drug_trace","药品追溯码台账","dept_id","发药科室ID（快照）","sys_department","id","1:N","Y","D-无数据可验证",0,0,0,"命名+覆盖率",
601,17,"biz_drug_transfer_item","药品调拨明细","transfer_id","调拨单ID","biz_drug_transfer","id","1:N","N","D-无数据可验证",0,0,0,"命名+覆盖率",
602,17,"biz_drug_transfer_item","药品调拨明细","stock_id","发出方库存批次ID","biz_consumable_stock","id","1:N","N","D-无数据可验证",0,0,0,"命名+覆盖率",
603,17,"biz_drug_transfer_item","药品调拨明细","in_stock_id","接收方库存批次ID","biz_consumable_stock","id","1:N","Y","D-无数据可验证",0,0,0,"命名+覆盖率",
604,17,"biz_drug_transfer_item","药品调拨明细","drug_id","药品ID","sys_drug","id","1:N","N","D-无数据可验证",0,0,0,"命名+覆盖率",
605,17,"biz_pivas_batch","静配中心主单","admission_id","入院ID","biz_admission","admission_id","1:N","N","A-数据全命中",1,1,1,"命名+覆盖率",
606,17,"biz_pivas_batch","静配中心主单","patient_id","患者ID","biz_patient","id","1:N","N","A-数据全命中",1,1,1,"命名+覆盖率",
607,17,"biz_pivas_batch","静配中心主单","ward_id","病区ID（快照）","sys_ward","ward_id","1:N","N","A-数据全命中",1,1,1,"命名+覆盖率",
608,17,"biz_pivas_batch","静配中心主单","dept_id","入院科室ID（快照）","sys_department","id","1:N","Y","D-无数据可验证",0,0,0,"命名+覆盖率",
609,17,"biz_pivas_item","静配中心调配明细","pivas_id","主单ID","biz_pivas_batch","id","1:N","N","A-数据全命中",3,3,1,"命名+覆盖率",
610,17,"biz_pivas_item","静配中心调配明细","order_id","住院医嘱ID","biz_inpatient_order","id","1:N","N","A-数据全命中",3,3,1,"命名+覆盖率",
611,17,"biz_pivas_item","静配中心调配明细","admission_id","入院ID（冗余）","biz_admission","admission_id","1:N","N","A-数据全命中",3,3,1,"命名+覆盖率",
612,17,"biz_pivas_item","静配中心调配明细","patient_id","患者ID（冗余）","biz_patient","id","1:N","N","A-数据全命中",3,3,1,"命名+覆盖率",
613,17,"biz_pivas_item","静配中心调配明细","ward_id","病区ID（快照）","sys_ward","ward_id","1:N","Y","A-数据全命中",3,3,1,"命名+覆盖率",
614,17,"biz_pivas_item","静配中心调配明细","drug_id","药品ID","sys_drug","id","1:N","N","A-数据全命中",3,3,1,"命名+覆盖率",
615,17,"biz_pivas_item","静配中心调配明细","auditor_id","审方药师ID（员工ID）","sys_employee","id","1:N","Y","A-数据全命中",3,3,1,"命名+覆盖率",
616,17,"biz_pivas_item","静配中心调配明细","compounder_id","调配人ID","sys_employee","id","1:N","Y","A-数据全命中",2,2,1,"命名+覆盖率",
617,17,"biz_pivas_item","静配中心调配明细","verifier_id","成品核对人ID","sys_employee","id","1:N","Y","A-数据全命中",2,2,1,"命名+覆盖率",
618,17,"biz_purchase_order","药品采购订单","supplier_id","供应商ID","sys_supplier","supplier_id","1:N","N","A-数据全命中",11,11,1,"命名+覆盖率",
619,17,"biz_purchase_order","药品采购订单","approver_id","审批人ID","sys_employee","id","1:N","Y","B-数据部分命中",10,5,0.5,"命名+覆盖率",
620,17,"biz_purchase_order_detail","药品采购订单明细","order_id","采购订单ID","biz_purchase_order","order_id","1:N","N","A-数据全命中",17,17,1,"命名+覆盖率",
621,17,"biz_purchase_order_detail","药品采购订单明细","drug_id","药品ID","sys_drug","id","1:N","N","A-数据全命中",17,17,1,"命名+覆盖率",
622,17,"biz_stocktake_item","药房盘点明细","stocktake_id","盘点单ID","biz_stocktake","id","1:N","N","A-数据全命中",39,39,1,"命名+覆盖率",
623,17,"biz_stocktake_item","药房盘点明细","stock_id","库存批次ID","biz_drug_stock","id","1:N","N","A-数据全命中",39,39,1,"命名+覆盖率",
624,17,"biz_stocktake_item","药房盘点明细","drug_id","药品ID","sys_drug","id","1:N","N","A-数据全命中",39,39,1,"命名+覆盖率",
625,17,"biz_ward_dispense","住院摆药单","admission_id","入院ID","biz_admission","admission_id","1:N","N","A-数据全命中",1,1,1,"命名+覆盖率",
626,17,"biz_ward_dispense","住院摆药单","patient_id","患者ID","biz_patient","id","1:N","N","A-数据全命中",1,1,1,"命名+覆盖率",
627,17,"biz_ward_dispense","住院摆药单","ward_id","病区ID（快照）","sys_ward","ward_id","1:N","N","A-数据全命中",1,1,1,"命名+覆盖率",
628,17,"biz_ward_dispense","住院摆药单","dept_id","入院科室ID（快照）","sys_department","id","1:N","Y","D-无数据可验证",0,0,0,"命名+覆盖率",
629,17,"biz_ward_dispense_item","住院摆药明细","dispense_id","摆药单ID","biz_ward_dispense","id","1:N","N","A-数据全命中",2,2,1,"命名+覆盖率",
630,17,"biz_ward_dispense_item","住院摆药明细","order_id","住院医嘱ID","biz_inpatient_order","id","1:N","N","A-数据全命中",2,2,1,"命名+覆盖率",
631,17,"biz_ward_dispense_item","住院摆药明细","admission_id","入院ID（冗余）","biz_admission","admission_id","1:N","N","A-数据全命中",2,2,1,"命名+覆盖率",
632,17,"biz_ward_dispense_item","住院摆药明细","patient_id","患者ID（冗余）","biz_patient","id","1:N","N","A-数据全命中",2,2,1,"命名+覆盖率",
633,17,"biz_ward_dispense_item","住院摆药明细","ward_id","病区ID（快照）","sys_ward","ward_id","1:N","Y","A-数据全命中",2,2,1,"命名+覆盖率",
634,17,"biz_ward_dispense_item","住院摆药明细","drug_id","药品ID","sys_drug","id","1:N","N","A-数据全命中",2,2,1,"命名+覆盖率",
635,17,"biz_ward_dispense_item","住院摆药明细","fee_record_id","记账行ID","biz_fee_record","id","1:N","Y","C-数据全悬空(仅命名推断)",2,0,0,"命名+覆盖率",
636,17,"biz_ward_dispense_item","住院摆药明细","dispenser_id","配药人ID","sys_employee","id","1:N","Y","A-数据全命中",2,2,1,"命名+覆盖率",
637,17,"biz_ward_dispense_item","住院摆药明细","checker_id","核对人ID（员工ID）","sys_employee","id","1:N","Y","A-数据全命中",1,1,1,"命名+覆盖率",
638,18,"biz_consumable_consume","耗材科室领用台账","consumable_id","耗材ID","sys_consumable","id","1:N","N","A-数据全命中",8,8,1,"命名+覆盖率",
639,18,"biz_consumable_consume","耗材科室领用台账","dept_id","领用科室ID","sys_department","id","1:N","Y","A-数据全命中",8,8,1,"命名+覆盖率",
640,18,"biz_consumable_stock","耗材批次库存","consumable_id","耗材ID","sys_consumable","id","1:N","N","A-数据全命中",24,24,1,"命名+覆盖率",
641,18,"biz_consumable_stock_log","耗材出入库流水","stock_id","库存批次ID","biz_consumable_stock","id","1:N","N","A-数据全命中",33,33,1,"命名+覆盖率",
642,18,"biz_consumable_stock_log","耗材出入库流水","consumable_id","耗材ID","sys_consumable","id","1:N","N","A-数据全命中",33,33,1,"命名+覆盖率",
643,18,"biz_consumable_trace","高值耗材使用溯源","consumable_id","耗材ID","sys_consumable","id","1:N","N","A-数据全命中",12,12,1,"命名+覆盖率",
644,18,"biz_consumable_trace","高值耗材使用溯源","stock_id","出库批次ID","biz_consumable_stock","id","1:N","N","A-数据全命中",12,12,1,"命名+覆盖率",
645,18,"biz_consumable_trace","高值耗材使用溯源","patient_id","患者ID","biz_patient","id","1:N","N","A-数据全命中",12,12,1,"命名+覆盖率",
646,18,"biz_consumable_trace","高值耗材使用溯源","regist_id","门诊挂号ID","biz_appoint_info","id","1:N","Y","A-数据全命中",9,9,1,"命名+覆盖率",
647,18,"biz_consumable_trace","高值耗材使用溯源","admission_id","住院ID","biz_admission","admission_id","1:N","Y","D-无数据可验证",0,0,0,"命名+覆盖率",
648,18,"biz_consumable_trace","高值耗材使用溯源","dept_id","使用科室ID","sys_department","id","1:N","Y","C-数据全悬空(仅命名推断)",3,0,0,"命名+覆盖率",
649,18,"biz_consumable_trace","高值耗材使用溯源","fee_record_id","记账行ID","biz_fee_record","id","1:N","Y","C-数据全悬空(仅命名推断)",9,0,0,"命名+覆盖率",
650,18,"biz_cssd_pack","CSSD 器械包","dept_id","申领/归属科室ID","sys_department","id","1:N","Y","D-无数据可验证",0,0,0,"命名+覆盖率",
651,18,"biz_cssd_pack_template_item","CSSD 器械包模板明细","template_id","模板ID","biz_cssd_pack_template","id","1:N","N","A-数据全命中",752,752,1,"命名+覆盖率",
652,18,"biz_cssd_trace","CSSD 追溯节点","pack_id","器械包ID","biz_cssd_pack","id","1:N","N","A-数据全命中",28,28,1,"命名+覆盖率",
653,19,"biz_cashier_settlement","收费员班结单","cashier_id","收费员工号","sys_employee","id","1:N","N","A-数据全命中",4,4,1,"命名+覆盖率",
654,19,"biz_cashier_settlement","收费员班结单","day_settlement_id","所属院级日结单ID","biz_day_settlement","id","1:N","Y","A-数据全命中",3,3,1,"命名+覆盖率",
655,19,"biz_fee_record","费用记账流水","patient_id","患者ID","biz_patient","id","1:N","N","A-数据全命中",38,38,1,"命名+覆盖率",
656,19,"biz_fee_record","费用记账流水","dept_id","费用归属科室","sys_department","id","1:N","Y","B-数据部分命中",38,16,0.4211,"命名+覆盖率",
657,19,"biz_fee_record","费用记账流水","doctor_id","开单/执行人员工ID","sys_employee","id","1:N","Y","A-数据全命中",26,25,0.9615,"命名+覆盖率",
658,19,"biz_fee_record","费用记账流水","orig_fee_id","红冲双向指针","biz_fee_record","id","1:N","Y","A-人工口径",12,12,1,"命名+覆盖率",
659,19,"biz_fee_record","费用记账流水","book_by_id","记账人员工ID","sys_employee","id","1:N","Y","A-数据全命中",37,36,0.973,"命名+覆盖率",
660,19,"biz_fee_record","费用记账流水","bill_id","所属结算账单ID","biz_settlement_bill","id","1:N","Y","A-数据全命中",20,20,1,"命名+覆盖率",
661,19,"biz_fund_account","资金账户","patient_id","患者ID","biz_patient","id","1:N","N","A-数据全命中",2,2,1,"命名+覆盖率",
662,19,"biz_fund_account_txn","资金账户流水","account_id","账户ID","biz_fund_account","id","1:N","N","A-数据全命中",2,2,1,"命名+覆盖率",
663,19,"biz_fund_account_txn","资金账户流水","patient_id","患者ID","biz_patient","id","1:N","N","A-数据全命中",2,2,1,"命名+覆盖率",
664,19,"biz_fund_account_txn","资金账户流水","admission_id","入院ID","biz_admission","admission_id","1:N","Y","A-数据全命中",2,2,1,"命名+覆盖率",
665,19,"biz_fund_account_txn","资金账户流水","bill_id","关联账单ID","biz_pay_channel_bill","id","1:N","Y","D-无数据可验证",0,0,0,"命名+覆盖率",
666,19,"biz_fund_account_txn","资金账户流水","payment_txn_id","关联支付流水ID","biz_payment_txn","id","1:N","Y","A-数据全命中",2,2,1,"命名+覆盖率",
667,19,"biz_fund_account_txn","资金账户流水","operator_id","操作人员工ID","sys_employee","id","1:N","Y","B-数据部分命中",2,1,0.5,"命名+覆盖率",
668,19,"biz_fund_account_txn","资金账户流水","orig_txn_id","冲正指向的原流水ID","biz_payment_txn","id","1:N","Y","D-无数据可验证",0,0,0,"命名+覆盖率",
669,19,"biz_inpatient_settlement","住院结算单","admission_id","入院ID","biz_admission","admission_id","1:N","N","A-数据全命中",4,4,1,"命名+覆盖率",
670,19,"biz_inpatient_settlement","住院结算单","patient_id","患者ID","biz_patient","id","1:N","N","A-数据全命中",4,4,1,"命名+覆盖率",
671,19,"biz_inpatient_settlement","住院结算单","settle_by","结算人（员工ID）","sys_employee","id","1:N","Y","A-数据全命中",4,4,1,"命名+覆盖率",
672,19,"biz_invoice","发票","bill_id","结算账单ID","biz_settlement_bill","id","1:N","Y","A-数据全命中",7,7,1,"命名+覆盖率",
673,19,"biz_invoice","发票","orig_invoice_id","红冲链","biz_invoice","id","1:N","Y","A-人工口径",0,0,0,"命名+覆盖率",
674,19,"biz_invoice","发票","patient_id","患者ID","biz_patient","id","1:N","N","A-数据全命中",118,118,1,"命名+覆盖率",
675,19,"biz_pay_channel_bill","支付渠道对账流水","local_txn_id","勾对的本地支付流水ID","biz_payment_txn","id","1:N","Y","D-无数据可验证",0,0,0,"命名+覆盖率",
676,19,"biz_pay_channel_bill","支付渠道对账流水","matched_by_id","勾对人员工ID","sys_employee","id","1:N","Y","D-无数据可验证",0,0,0,"命名+覆盖率",
677,19,"biz_pay_order","患者端统一支付单","patient_id","患者ID","biz_patient","id","1:N","Y","A-数据全命中",6,6,1,"命名+覆盖率",
678,19,"biz_payment_txn","支付资金流水","bill_id","结算账单ID","biz_settlement_bill","id","1:N","Y","B-数据部分命中",87,24,0.2759,"命名+覆盖率",
679,19,"biz_payment_txn","支付资金流水","patient_id","患者ID","biz_patient","id","1:N","N","A-数据全命中",89,89,1,"命名+覆盖率",
680,19,"biz_payment_txn","支付资金流水","orig_txn_id","退款/冲正指向的原收款流水ID","biz_payment_txn","id","1:N","Y","A-数据全命中",14,14,1,"命名+覆盖率",
681,19,"biz_payment_txn","支付资金流水","cashier_id","收银/退款人员工ID","sys_employee","id","1:N","N","B-数据部分命中",89,81,0.9101,"命名+覆盖率",
682,19,"biz_payment_txn","支付资金流水","cashier_settlement_id","所属交班单ID","biz_cashier_settlement","id","1:N","Y","D-无数据可验证",0,0,0,"命名+覆盖率",
683,19,"biz_payment_txn","支付资金流水","apply_id","来源退费申请ID","biz_refund_apply","id","1:N","Y","A-数据全命中",8,8,1,"命名+覆盖率",
684,19,"biz_prepay","住院预交金流水","admission_id","入院ID","biz_admission","admission_id","1:N","N","D-无数据可验证",0,0,0,"命名+覆盖率",
685,19,"biz_prepay","住院预交金流水","patient_id","患者ID","biz_patient","id","1:N","N","D-无数据可验证",0,0,0,"命名+覆盖率",
686,19,"biz_prepay","住院预交金流水","operator_id","操作人","sys_employee","id","1:N","Y","D-无数据可验证",0,0,0,"命名+覆盖率",
687,19,"biz_refund_apply","退费申请单","bill_id","原结算账单ID","biz_settlement_bill","id","1:N","Y","A-数据全命中",5,5,1,"命名+覆盖率",
688,19,"biz_refund_apply","退费申请单","patient_id","患者ID","biz_patient","id","1:N","N","A-数据全命中",10,10,1,"命名+覆盖率",
689,19,"biz_refund_apply","退费申请单","auditor_id","审核人ID","sys_employee","id","1:N","Y","A-数据全命中",5,5,1,"命名+覆盖率",
690,19,"biz_settlement_bill","结算账单","patient_id","患者ID","biz_patient","id","1:N","N","A-数据全命中",22,22,1,"命名+覆盖率",
691,19,"biz_settlement_bill","结算账单","bill_by_id","结算人员工ID","sys_employee","id","1:N","Y","A-数据全命中",21,20,0.9524,"命名+覆盖率",
692,19,"biz_settlement_bill","结算账单","void_by_id","作废操作人","sys_employee","id","1:N","Y","A-人工口径",8,8,1,"命名+覆盖率",
693,19,"biz_settlement_bill","结算账单","orig_bill_id","红冲指针","biz_pay_channel_bill","id","1:N","Y","D-无数据可验证",0,0,0,"命名+覆盖率",
694,19,"biz_settlement_bill_item","结算账单行","bill_id","账单ID","biz_settlement_bill","id","1:N","N","A-数据全命中",29,29,1,"命名+覆盖率",
695,19,"biz_settlement_bill_item","结算账单行","fee_record_id","来源记账行ID","biz_fee_record","id","1:N","N","A-数据全命中",29,29,1,"命名+覆盖率",
696,19,"biz_settlement_bill_item","结算账单行","patient_id","患者ID","biz_patient","id","1:N","N","A-数据全命中",29,29,1,"命名+覆盖率",
697,19,"biz_settlement_bill_item","结算账单行","dept_id","费用归属科室","sys_department","id","1:N","Y","B-数据部分命中",29,14,0.4828,"命名+覆盖率",
698,19,"biz_stat_daily","日统计汇总","dept_id","科室ID","biz_stat_dept","stat_id","1:N","Y","A-数据全命中",5,5,1,"命名+覆盖率",
699,19,"biz_stat_dept","科室统计汇总","dept_id","科室ID","sys_department","id","1:N","N","C-数据全悬空(仅命名推断)",15,0,0,"命名+覆盖率",
700,20,"biz_adverse_event","不良事件上报","occur_dept_id","发生科室 sys_department.id","sys_department","id","1:N","N","A-数据全命中",61,61,1,"命名+覆盖率",
701,20,"biz_adverse_event","不良事件上报","occur_ward_id","发生病区ID","sys_ward","ward_id","1:N","Y","A-数据全命中",60,60,1,"命名+覆盖率",
702,20,"biz_adverse_event","不良事件上报","patient_id","关联患者","biz_patient","id","1:N","Y","A-数据全命中",60,60,1,"命名+覆盖率",
703,20,"biz_adverse_event","不良事件上报","visit_id","关联就诊 biz_regist_info.id（可空）","biz_visit","visit_id","1:N","Y","D-无数据可验证",0,0,0,"命名+覆盖率",
704,20,"biz_adverse_event","不良事件上报","reporter_id","上报人员工ID","sys_employee","id","1:N","N","A-数据全命中",61,61,1,"命名+覆盖率",
705,20,"biz_adverse_event","不良事件上报","handler_id","处理人员工ID","sys_employee","id","1:N","Y","A-数据全命中",55,55,1,"命名+覆盖率",
706,20,"biz_adverse_event","不良事件上报","rectify_by_id","整改人员工ID","sys_employee","id","1:N","Y","A-数据全命中",55,55,1,"命名+覆盖率",
707,20,"biz_adverse_event","不良事件上报","close_by_id","结案人员工ID","sys_employee","id","1:N","Y","A-数据全命中",55,55,1,"命名+覆盖率",
708,20,"biz_death_certificate","死亡医学证明书","admission_id","住院记录ID","biz_admission","admission_id","1:N","N","A-数据全命中",5,5,1,"命名+覆盖率",
709,20,"biz_death_certificate","死亡医学证明书","discharge_id","死亡出院记录ID","biz_discharge","discharge_id","1:N","Y","A-数据全命中",5,5,1,"命名+覆盖率",
710,20,"biz_death_certificate","死亡医学证明书","patient_id","患者ID","biz_patient","id","1:N","N","A-数据全命中",5,5,1,"命名+覆盖率",
711,20,"biz_death_certificate","死亡医学证明书","death_dept_id","死亡科室ID","sys_department","id","1:N","Y","A-数据全命中",5,5,1,"命名+覆盖率",
712,20,"biz_death_certificate","死亡医学证明书","physician_id","填表医师ID","sys_employee","id","1:N","Y","A-数据全命中",5,5,1,"命名+覆盖率",
713,20,"biz_death_certificate","死亡医学证明书","reviewer_id","审核人ID","sys_employee","id","1:N","Y","A-数据全命中",4,4,1,"命名+覆盖率",
714,20,"biz_death_certificate","死亡医学证明书","orig_cert_id","重开来源证明ID","biz_death_certificate","id","1:N","Y","A-数据全命中",1,1,1,"命名+覆盖率",
715,20,"biz_death_certificate_cause","死亡证明死因链","cert_id","死亡证明ID","biz_death_certificate","id","1:N","N","A-人工口径",15,15,1,"命名+覆盖率",
716,20,"biz_death_registration","住院死亡登记簿","admission_id","住院记录ID","biz_admission","admission_id","1:N","N","A-数据全命中",3,3,1,"命名+覆盖率",
717,20,"biz_death_registration","住院死亡登记簿","cert_id","死亡证明ID","biz_death_certificate","id","1:N","Y","A-人工口径",3,3,1,"命名+覆盖率",
718,20,"biz_death_registration","住院死亡登记簿","patient_id","患者ID","biz_patient","id","1:N","N","A-数据全命中",3,3,1,"命名+覆盖率",
719,20,"biz_death_registration","住院死亡登记簿","death_dept_id","死亡科室ID","sys_department","id","1:N","Y","A-数据全命中",3,3,1,"命名+覆盖率",
720,20,"biz_death_registration","住院死亡登记簿","registrar_id","登记人ID（值班医师/病区护士/防保科）","sys_employee","id","1:N","Y","A-数据全命中",3,3,1,"命名+覆盖率",
721,20,"biz_dispute_case","医疗纠纷投诉主单","patient_id","患者ID","biz_patient","id","1:N","Y","A-数据全命中",15,15,1,"命名+覆盖率",
722,20,"biz_dispute_case","医疗纠纷投诉主单","admission_id","关联住院ID","biz_admission","admission_id","1:N","Y","D-无数据可验证",0,0,0,"命名+覆盖率",
723,20,"biz_dispute_case","医疗纠纷投诉主单","dept_id","被投诉科室ID","sys_department","id","1:N","Y","A-数据全命中",1,1,1,"命名+覆盖率",
724,20,"biz_dispute_case","医疗纠纷投诉主单","archive_id","已封存病案ID","biz_medical_record_archive","id","1:N","Y","A-数据全命中",4,4,1,"命名+覆盖率",
725,20,"biz_dispute_flow","纠纷投诉处理台账","case_id","主单ID","biz_dispute_case","id","1:N","N","A-数据全命中",34,34,1,"命名+覆盖率",
726,20,"biz_dispute_flow","纠纷投诉处理台账","operator_id","操作人（员工ID）","sys_employee","id","1:N","Y","A-数据全命中",34,34,1,"命名+覆盖率",
727,20,"biz_hand_hygiene_obs","手卫生依从性观察记录","dept_id","被观察科室ID","sys_department","id","1:N","N","A-数据全命中",11,11,1,"命名+覆盖率",
728,20,"biz_hand_hygiene_obs","手卫生依从性观察记录","observer_id","观察人ID","sys_employee","id","1:N","N","A-数据全命中",11,11,1,"命名+覆盖率",
729,20,"biz_infection_case","院感病例报告卡","patient_id","患者ID","biz_patient","id","1:N","N","A-数据全命中",11,11,1,"命名+覆盖率",
730,20,"biz_infection_case","院感病例报告卡","regist_id","门诊就诊ID","biz_appoint_info","id","1:N","Y","A-数据全命中",6,6,1,"命名+覆盖率",
731,20,"biz_infection_case","院感病例报告卡","inp_id","住院记录ID","biz_admission","admission_id","1:N","Y","A-数据全命中",5,5,1,"命名+覆盖率",
732,20,"biz_infection_case","院感病例报告卡","dept_id","发现科室ID（快照）","sys_department","id","1:N","Y","A-数据全命中",11,11,1,"命名+覆盖率",
733,20,"biz_infection_case","院感病例报告卡","report_by","上报人ID","sys_employee","id","1:N","N","A-数据全命中",11,11,1,"命名+覆盖率",
734,20,"biz_infection_monitor","院感目标性监测登记","patient_id","患者ID","biz_patient","id","1:N","N","A-数据全命中",8,8,1,"命名+覆盖率",
735,20,"biz_infection_monitor","院感目标性监测登记","dept_id","监测科室ID","sys_department","id","1:N","Y","A-数据全命中",8,8,1,"命名+覆盖率",
736,20,"biz_infection_monitor_daily","监测每日打卡","monitor_id","监测登记ID","biz_infection_monitor","id","1:N","N","A-数据全命中",17,17,1,"命名+覆盖率",
737,20,"biz_infection_monitor_daily","监测每日打卡","recorder_id","记录人ID","sys_employee","id","1:N","N","A-数据全命中",17,17,1,"命名+覆盖率",
738,20,"biz_infectious_report","传染病报告卡","patient_id","患者ID","biz_patient","id","1:N","N","D-无数据可验证",0,0,0,"命名+覆盖率",
739,20,"biz_infectious_report","传染病报告卡","regist_id","门诊就诊ID","biz_appoint_info","id","1:N","Y","D-无数据可验证",0,0,0,"命名+覆盖率",
740,20,"biz_infectious_report","传染病报告卡","inp_id","住院记录ID","biz_admission","admission_id","1:N","Y","D-无数据可验证",0,0,0,"命名+覆盖率",
741,20,"biz_infectious_report","传染病报告卡","visit_dept_id","发现/就诊科室ID（快照）","sys_department","id","1:N","Y","D-无数据可验证",0,0,0,"命名+覆盖率",
742,20,"biz_infectious_report","传染病报告卡","disease_id","病种ID","biz_patient_past_disease","id","1:N","N","D-无数据可验证",0,0,0,"命名+覆盖率",
743,20,"biz_infectious_report","传染病报告卡","report_by","填卡医生ID","sys_employee","id","1:N","N","D-无数据可验证",0,0,0,"命名+覆盖率",
744,20,"biz_medical_waste","医疗废物登记","dept_id","产生科室ID","sys_department","id","1:N","Y","D-无数据可验证",0,0,0,"命名+覆盖率",
745,20,"biz_public_health_report","公卫上报表","patient_id","患者ID","biz_patient","id","1:N","N","A-数据全命中",6,6,1,"命名+覆盖率",
746,20,"biz_public_health_report","公卫上报表","record_id","病历ID","biz_medical_record","id","1:N","Y","A-人工口径",0,0,0,"命名+覆盖率",
747,21,"biz_antibiotic_alias","抗菌药物品名别名","drug_id","药品ID","sys_drug","id","1:N","N","A-数据全命中",9,9,1,"命名+覆盖率",
748,21,"biz_antibiotic_auth","抗菌药物处方权授权","doctor_id","医师ID","sys_employee","id","1:N","N","A-数据全命中",12,12,1,"命名+覆盖率",
749,21,"biz_antibiotic_auth","抗菌药物处方权授权","dept_id","科室ID（快照）","sys_department","id","1:N","Y","A-数据全命中",10,10,1,"命名+覆盖率",
750,21,"biz_antibiotic_incision_review","I 类切口预防用药点评","operation_apply_id","手术申请单ID","biz_operation_apply","id","1:1","N","A-数据全命中",4,4,1,"命名+覆盖率",
751,21,"biz_antibiotic_incision_review","I 类切口预防用药点评","admission_id","入院ID（快照）","biz_admission","admission_id","1:N","Y","A-数据全命中",4,4,1,"命名+覆盖率",
752,21,"biz_antibiotic_incision_review","I 类切口预防用药点评","patient_id","患者ID","biz_patient","id","1:N","Y","A-数据全命中",4,4,1,"命名+覆盖率",
753,21,"biz_antibiotic_incision_review","I 类切口预防用药点评","drug_id","预防用药药品ID","sys_drug","id","1:N","Y","A-数据全命中",2,2,1,"命名+覆盖率",
754,21,"biz_antibiotic_incision_review","I 类切口预防用药点评","reviewer_id","点评人员工ID","sys_employee","id","1:N","Y","A-数据全命中",4,4,1,"命名+覆盖率",
755,21,"biz_antibiotic_stats","抗菌药物使用监测指标","dept_id","科室ID","sys_department","id","1:N","Y","D-无数据可验证",0,0,0,"命名+覆盖率",
756,21,"biz_checkup_record","体检登记","patient_id","体检人ID","biz_patient","id","1:N","N","A-数据全命中",8,8,1,"命名+覆盖率",
757,21,"biz_checkup_record","体检登记","package_id","套餐ID","sys_checkup_package","id","1:N","N","A-数据全命中",8,8,1,"命名+覆盖率",
758,21,"biz_checkup_result","体检结果明细","record_id","体检登记ID","biz_checkup_record","id","1:N","N","A-数据全命中",24,24,1,"命名+覆盖率",
759,21,"biz_clinical_rule_check","临床规则校验记录","record_id","病历ID","biz_medical_record","id","1:N","N","A-数据全命中",15,15,1,"命名+覆盖率",
760,21,"biz_clinical_rule_check","临床规则校验记录","patient_id","患者ID","biz_patient","id","1:N","N","A-数据全命中",15,15,1,"命名+覆盖率",
761,21,"biz_dialysis_patient","透析患者档案","patient_id","患者ID","biz_patient","id","1:N","N","A-数据全命中",2,2,1,"命名+覆盖率",
762,21,"biz_dialysis_prescription","透析处方","archive_id","透析档案ID","biz_dialysis_patient","id","1:N","N","A-人工口径",4,4,1,"命名+覆盖率",
763,21,"biz_dialysis_prescription","透析处方","doctor_id","开立医生（员工ID）","sys_employee","id","1:N","Y","A-数据全命中",4,4,1,"命名+覆盖率",
764,21,"biz_dialysis_session","透析单","machine_id","机位ID","biz_dialysis_machine","id","1:N","N","A-数据全命中",5,5,1,"命名+覆盖率",
765,21,"biz_dialysis_session","透析单","archive_id","透析档案ID","biz_dialysis_patient","id","1:N","N","A-人工口径",5,5,1,"命名+覆盖率",
766,21,"biz_dialysis_session","透析单","patient_id","患者ID","biz_patient","id","1:N","N","A-数据全命中",5,5,1,"命名+覆盖率",
767,21,"biz_dialysis_session","透析单","prescription_id","使用的透析处方ID","biz_dialysis_prescription","id","1:N","N","A-数据全命中",5,5,1,"命名+覆盖率",
768,21,"biz_diet_plan","膳食方案","admission_id","入院ID","biz_admission","admission_id","1:N","N","A-数据全命中",11,11,1,"命名+覆盖率",
769,21,"biz_diet_plan","膳食方案","patient_id","患者ID","biz_patient","id","1:N","Y","B-数据部分命中",11,8,0.7273,"命名+覆盖率",
770,21,"biz_diet_plan","膳食方案","dept_id","科室ID（快照）","sys_department","id","1:N","Y","B-数据部分命中",11,7,0.6364,"命名+覆盖率",
771,21,"biz_diet_plan","膳食方案","ward_id","病区ID（快照）","sys_ward","ward_id","1:N","Y","B-数据部分命中",11,7,0.6364,"命名+覆盖率",
772,21,"biz_diet_plan","膳食方案","order_id","来源医嘱ID","biz_inpatient_order","id","1:1","Y","A-数据全命中",9,9,1,"命名+覆盖率",
773,21,"biz_diet_plan","膳食方案","confirmer_id","接收人","sys_employee","id","1:N","Y","A-数据全命中",6,6,1,"命名+覆盖率",
774,21,"biz_icu_monitor","ICU 监护记录单","stay_id","入科记录ID","biz_icu_stay","id","1:N","N","A-数据全命中",3,3,1,"命名+覆盖率",
775,21,"biz_icu_monitor","ICU 监护记录单","recorder_id","记录人（员工ID）","sys_employee","id","1:N","Y","A-数据全命中",3,3,1,"命名+覆盖率",
776,21,"biz_icu_stay","ICU 入出科登记","admission_id","入院ID","biz_admission","admission_id","1:N","N","A-数据全命中",3,3,1,"命名+覆盖率",
777,21,"biz_icu_stay","ICU 入出科登记","patient_id","患者ID","biz_patient","id","1:N","N","A-数据全命中",3,3,1,"命名+覆盖率",
778,21,"biz_icu_stay","ICU 入出科登记","from_dept_id","入科来源科室ID（快照）","sys_department","id","1:N","Y","A-数据全命中",3,3,1,"命名+覆盖率",
779,21,"biz_icu_stay","ICU 入出科登记","ward_id","ICU 病区ID","sys_ward","ward_id","1:N","N","A-数据全命中",3,3,1,"命名+覆盖率",
780,21,"biz_icu_stay","ICU 入出科登记","bed_id","ICU 床位ID","sys_bed","bed_id","1:N","N","A-数据全命中",3,3,1,"命名+覆盖率",
781,21,"biz_meal_order","住院订餐配送","admission_id","入院ID","biz_admission","admission_id","1:N","N","A-数据全命中",11,11,1,"命名+覆盖率",
782,21,"biz_meal_order","住院订餐配送","patient_id","患者ID","biz_patient","id","1:N","Y","B-数据部分命中",11,5,0.4545,"命名+覆盖率",
783,21,"biz_meal_order","住院订餐配送","dept_id","科室ID（快照）","sys_department","id","1:N","Y","A-人工口径",11,5,0.4545,"命名+覆盖率",
784,21,"biz_meal_order","住院订餐配送","ward_id","病区ID","sys_ward","ward_id","1:N","Y","B-数据部分命中",11,5,0.4545,"命名+覆盖率",
785,21,"biz_meal_order","住院订餐配送","diet_plan_id","来源膳食方案ID","biz_diet_plan","id","1:N","Y","A-数据全命中",11,11,1,"命名+覆盖率",
786,21,"biz_meal_order","住院订餐配送","deliver_by_id","配送人（员工ID）","sys_employee","id","1:N","Y","A-数据全命中",6,6,1,"命名+覆盖率",
787,21,"biz_nutrition_screen","营养风险筛查记录","admission_id","入院ID","biz_admission","admission_id","1:N","N","A-数据全命中",10,10,1,"命名+覆盖率",
788,21,"biz_nutrition_screen","营养风险筛查记录","patient_id","患者ID","biz_patient","id","1:N","Y","B-数据部分命中",10,7,0.7,"命名+覆盖率",
789,21,"biz_nutrition_screen","营养风险筛查记录","dept_id","科室ID（快照）","sys_department","id","1:N","Y","B-数据部分命中",10,5,0.5,"命名+覆盖率",
790,21,"biz_nutrition_screen","营养风险筛查记录","ward_id","病区ID（快照）","sys_ward","ward_id","1:N","Y","B-数据部分命中",10,5,0.5,"命名+覆盖率",
791,21,"biz_nutrition_screen","营养风险筛查记录","screener_id","筛查人（员工ID）","sys_employee","id","1:N","Y","B-数据部分命中",10,5,0.5,"命名+覆盖率",
792,21,"biz_nutrition_stats","营养膳食月度指标","dept_id","科室ID","sys_department","id","1:N","Y","D-无数据可验证",0,0,0,"命名+覆盖率",
793,21,"biz_pathway","临床路径模板","dept_id","适用科室ID","sys_department","id","1:N","Y","A-数据全命中",16,16,1,"命名+覆盖率",
794,21,"biz_pathway_enroll","临床路径入径记录","pathway_id","模板ID","biz_pathway","id","1:N","N","A-数据全命中",28,28,1,"命名+覆盖率",
795,21,"biz_pathway_enroll","临床路径入径记录","admission_id","入院ID","biz_admission","admission_id","1:N","N","A-数据全命中",28,28,1,"命名+覆盖率",
796,21,"biz_pathway_enroll","临床路径入径记录","patient_id","患者ID","biz_patient","id","1:N","N","A-数据全命中",28,28,1,"命名+覆盖率",
797,21,"biz_pathway_enroll","临床路径入径记录","dept_id","入院科室ID（快照）","sys_department","id","1:N","Y","B-数据部分命中",28,21,0.75,"命名+覆盖率",
798,21,"biz_pathway_step","临床路径步骤","pathway_id","模板ID","biz_pathway","id","1:N","N","B-数据部分命中",156,148,0.9487,"命名+覆盖率",
799,21,"biz_pathway_variance","临床路径变异登记","enroll_id","入径记录ID","biz_pathway_enroll","id","1:N","N","A-数据全命中",17,17,1,"命名+覆盖率",
800,21,"biz_pathway_variance","临床路径变异登记","recorder_id","登记人（员工ID）","sys_employee","id","1:N","Y","A-数据全命中",17,17,1,"命名+覆盖率",
801,21,"biz_single_disease_case","单病种质控病例","disease_id","病种ID","sys_single_disease","id","1:N","N","A-数据全命中",2,2,1,"命名+覆盖率",
802,21,"biz_single_disease_case","单病种质控病例","admission_id","住院ID","biz_admission","admission_id","1:N","N","A-数据全命中",2,2,1,"命名+覆盖率",
803,21,"biz_single_disease_case","单病种质控病例","patient_id","患者ID（快照）","biz_patient","id","1:N","Y","A-数据全命中",2,2,1,"命名+覆盖率",
804,21,"biz_treatment_apply","治疗申请单","patient_id","患者ID","biz_patient","id","1:N","N","A-数据全命中",10,10,1,"命名+覆盖率",
805,21,"biz_treatment_apply","治疗申请单","visit_id","就诊次ID","biz_visit","visit_id","1:N","Y","A-数据全命中",10,10,1,"命名+覆盖率",
806,21,"biz_treatment_apply","治疗申请单","regist_id","挂号ID","biz_appoint_info","id","1:N","Y","C-数据全悬空(仅命名推断)",10,0,0,"命名+覆盖率",
807,21,"biz_treatment_apply","治疗申请单","doctor_id","开单医生ID","sys_employee","id","1:N","N","C-数据全悬空(仅命名推断)",10,0,0,"命名+覆盖率",
808,21,"biz_treatment_apply","治疗申请单","treatment_item_id","治疗项目ID","sys_treatment_item","id","1:N","N","C-数据全悬空(仅命名推断)",10,0,0,"命名+覆盖率",
809,21,"biz_treatment_apply","治疗申请单","dept_id","开单科室ID","sys_department","id","1:N","Y","D-无数据可验证",0,0,0,"命名+覆盖率",
810,21,"biz_treatment_apply","治疗申请单","exec_dept_id","建议执行科室ID","sys_department","id","1:N","Y","D-无数据可验证",0,0,0,"命名+覆盖率",
811,21,"biz_treatment_record","治疗执行记录","apply_id","治疗申请ID","biz_treatment_apply","apply_id","1:N","N","A-数据全命中",8,8,1,"命名+覆盖率",
812,21,"biz_treatment_record","治疗执行记录","treatment_item_id","治疗项目ID","sys_treatment_item","id","1:N","N","C-数据全悬空(仅命名推断)",8,0,0,"命名+覆盖率",
813,21,"biz_treatment_record","治疗执行记录","execute_doctor_id","执行医生ID","sys_employee","id","1:N","Y","C-数据全悬空(仅命名推断)",8,0,0,"命名+覆盖率",
814,21,"biz_treatment_record","治疗执行记录","nurse_id","执行护士ID","sys_employee","id","1:N","Y","B-数据部分命中",8,4,0.5,"命名+覆盖率",
815,21,"biz_treatment_record","治疗执行记录","fee_record_id","记账行ID","biz_fee_record","id","1:N","Y","D-无数据可验证",0,0,0,"命名+覆盖率",
816,21,"biz_vte_event","VTE 事件登记","admission_id","入院ID","biz_admission","admission_id","1:N","N","A-数据全命中",15,15,1,"命名+覆盖率",
817,21,"biz_vte_event","VTE 事件登记","patient_id","患者ID","biz_patient","id","1:N","Y","B-数据部分命中",15,13,0.8667,"命名+覆盖率",
818,21,"biz_vte_event","VTE 事件登记","dept_id","科室ID（快照）","sys_department","id","1:N","Y","A-人工口径",15,6,0.4,"命名+覆盖率",
819,21,"biz_vte_event","VTE 事件登记","ward_id","病区ID（快照）","sys_ward","ward_id","1:N","Y","B-数据部分命中",15,6,0.4,"命名+覆盖率",
820,21,"biz_vte_event","VTE 事件登记","reporter_id","登记人（员工ID）","sys_employee","id","1:N","Y","B-数据部分命中",15,12,0.8,"命名+覆盖率",
821,21,"biz_vte_prevent","VTE 预防措施记录","admission_id","入院ID","biz_admission","admission_id","1:N","N","A-数据全命中",16,16,1,"命名+覆盖率",
822,21,"biz_vte_prevent","VTE 预防措施记录","patient_id","患者ID","biz_patient","id","1:N","Y","B-数据部分命中",16,11,0.6875,"命名+覆盖率",
823,21,"biz_vte_prevent","VTE 预防措施记录","dept_id","科室ID（快照）","sys_department","id","1:N","Y","B-数据部分命中",16,8,0.5,"命名+覆盖率",
824,21,"biz_vte_prevent","VTE 预防措施记录","ward_id","病区ID（快照）","sys_ward","ward_id","1:N","Y","B-数据部分命中",16,4,0.25,"命名+覆盖率",
825,21,"biz_vte_prevent","VTE 预防措施记录","assessment_id","来源评估单ID","biz_nursing_assessment","id","1:N","Y","A-数据全命中",14,14,1,"命名+覆盖率",
826,21,"biz_vte_prevent","VTE 预防措施记录","executor_id","执行人（员工ID）","sys_employee","id","1:N","Y","B-数据部分命中",16,8,0.5,"命名+覆盖率",
827,21,"biz_vte_stats","VTE 防控月度指标","dept_id","科室ID","sys_department","id","1:N","Y","A-数据全命中",4,4,1,"命名+覆盖率",
828,22,"biz_alert","预警记录","rule_id","规则ID","sys_alert_rule","rule_id","1:N","Y","A-数据全命中",5,5,1,"命名+覆盖率",
829,22,"biz_alert","预警记录","notify_user_id","通知用户ID","sys_user","id","1:N","Y","B-数据部分命中",38,24,0.6316,"命名+覆盖率",
830,22,"biz_followup_task","随访任务","patient_id","患者ID","biz_patient","id","1:N","N","A-数据全命中",15,15,1,"命名+覆盖率",
831,22,"biz_followup_task","随访任务","dept_id","随访所属科室ID","sys_department","id","1:N","Y","B-数据部分命中",12,9,0.75,"命名+覆盖率",
832,22,"biz_followup_task","随访任务","executor_id","执行人ID","sys_employee","id","1:N","Y","A-数据全命中",1,1,1,"命名+覆盖率",
833,22,"biz_followup_task","随访任务","revisit_record_id","复诊引用的原病历ID","biz_medical_record","id","1:N","Y","A-数据全命中",1,1,1,"命名+覆盖率",
834,22,"biz_followup_task","随访任务","revisit_appoint_id","由本任务生成的复诊挂号ID","biz_appoint_info","id","1:N","Y","A-数据全命中",1,1,1,"命名+覆盖率",
835,22,"biz_online_consult","线上问诊","patient_id","患者ID","biz_patient","id","1:N","N","A-数据全命中",12,12,1,"命名+覆盖率",
836,22,"biz_online_consult","线上问诊","dept_id","接诊科室ID","sys_department","id","1:N","Y","D-无数据可验证",0,0,0,"命名+覆盖率",
837,22,"biz_online_consult","线上问诊","doctor_id","接诊医生ID（员工ID）","sys_employee","id","1:N","Y","A-数据全命中",6,6,1,"命名+覆盖率",
838,22,"biz_referral","转诊","patient_id","患者ID","biz_patient","id","1:N","N","B-数据部分命中",17,13,0.7647,"命名+覆盖率",
839,22,"biz_referral","转诊","visit_id","就诊次ID","biz_visit","visit_id","1:N","Y","D-无数据可验证",0,0,0,"命名+覆盖率",
840,22,"biz_referral","转诊","from_dept_id","转出科室ID","sys_department","id","1:N","N","B-数据部分命中",17,12,0.7059,"命名+覆盖率",
841,22,"biz_referral","转诊","to_dept_id","转入科室ID","sys_department","id","1:N","Y","B-数据部分命中",5,4,0.8,"命名+覆盖率",
842,22,"biz_referral","转诊","admission_id","入院ID","biz_admission","admission_id","1:N","Y","D-无数据可验证",0,0,0,"命名+覆盖率",
843,22,"biz_referral","转诊","audit_by","确认人（员工ID）","sys_employee","id","1:N","Y","A-数据全命中",4,4,1,"命名+覆盖率",
844,22,"biz_service_message","患者端留言","user_id","留言用户ID","sys_user","id","1:N","Y","B-数据部分命中",15,14,0.9333,"命名+覆盖率",
845,22,"biz_service_message","患者端留言","patient_id","就诊人ID","biz_patient","id","1:N","Y","B-数据部分命中",15,14,0.9333,"命名+覆盖率",
846,22,"biz_service_ticket_log","工单流转记录（患者端进展时间轴 + 客服端证据链）","message_id","工单ID（biz_service_message.id）","biz_service_message","id","1:N","N","A-数据全命中",40,40,1,"命名+覆盖率",
847,22,"biz_survey_answer","满意度答卷","dispatch_id","发放单ID","biz_survey_dispatch","id","1:1","N","A-数据全命中",3,3,1,"命名+覆盖率",
848,22,"biz_survey_answer","满意度答卷","template_id","模板ID","biz_survey_template","id","1:N","N","A-数据全命中",3,3,1,"命名+覆盖率",
849,22,"biz_survey_answer","满意度答卷","patient_id","患者ID","biz_patient","id","1:N","N","A-数据全命中",3,3,1,"命名+覆盖率",
850,22,"biz_survey_answer","满意度答卷","dept_id","就诊科室ID","sys_department","id","1:N","Y","B-数据部分命中",3,2,0.6667,"命名+覆盖率",
851,22,"biz_survey_answer","满意度答卷","fill_employee_id","代填人（员工ID）","sys_employee","id","1:N","Y","A-数据全命中",3,3,1,"命名+覆盖率",
852,22,"biz_survey_answer","满意度答卷","dispute_case_id","低分自动转出的投诉单ID","biz_dispute_case","id","1:N","Y","D-无数据可验证",0,0,0,"命名+覆盖率",
853,22,"biz_survey_answer_item","满意度逐题答案","answer_id","答卷ID","biz_survey_answer","id","1:N","N","A-数据全命中",24,24,1,"命名+覆盖率",
854,22,"biz_survey_answer_item","满意度逐题答案","item_id","题目ID","biz_survey_item","id","1:N","N","A-人工口径",24,24,1,"命名+覆盖率",
855,22,"biz_survey_answer_item","满意度逐题答案","template_id","模板ID","biz_survey_template","id","1:N","N","A-数据全命中",24,24,1,"命名+覆盖率",
856,22,"biz_survey_dispatch","满意度发放台账","template_id","问卷模板ID","biz_survey_template","id","1:N","N","A-数据全命中",3,3,1,"命名+覆盖率",
857,22,"biz_survey_dispatch","满意度发放台账","patient_id","患者ID","biz_patient","id","1:N","N","A-数据全命中",3,3,1,"命名+覆盖率",
858,22,"biz_survey_dispatch","满意度发放台账","dept_id","就诊科室ID","sys_department","id","1:N","Y","B-数据部分命中",3,2,0.6667,"命名+覆盖率",
859,22,"biz_survey_dispatch","满意度发放台账","answer_id","回收到的答卷ID","biz_survey_answer","id","1:N","Y","A-数据全命中",3,3,1,"命名+覆盖率",
860,22,"biz_survey_item","满意度问卷题目","template_id","模板ID","biz_survey_template","id","1:N","N","A-数据全命中",8,8,1,"命名+覆盖率",
861,22,"biz_tele_consult","远程会诊","patient_id","患者ID","biz_patient","id","1:N","N","A-数据全命中",16,16,1,"命名+覆盖率",
862,22,"biz_tele_consult","远程会诊","admission_id","关联住院ID","biz_admission","admission_id","1:N","Y","D-无数据可验证",0,0,0,"命名+覆盖率",
863,22,"biz_tele_consult","远程会诊","apply_dept_id","申请科室ID","sys_department","id","1:N","Y","D-无数据可验证",0,0,0,"命名+覆盖率",
864,22,"biz_tele_consult","远程会诊","apply_doctor_id","申请医生ID（员工ID）","sys_employee","id","1:N","Y","A-数据全命中",16,16,1,"命名+覆盖率",
865,22,"sys_knowledge_chunk","知识库切块（向量在内存，文本在此）","doc_id","所属文档ID","sys_knowledge_doc","id","1:N","N","A-数据全命中",7,7,1,"命名+覆盖率",
866,22,"sys_message","消息通知","receiver_id","接收人ID","sys_employee","id","1:N","N","B-数据部分命中",550,511,0.9291,"命名+覆盖率",
867,22,"sys_service_trace","客服页自助行为埋点","user_id","用户ID","sys_user","id","1:N","Y","A-数据全命中",11,11,1,"命名+覆盖率",
868,22,"sys_service_trace","客服页自助行为埋点","patient_id","就诊人ID","biz_patient","id","1:N","Y","A-数据全命中",11,11,1,"命名+覆盖率",
869,22,"sys_service_trace","客服页自助行为埋点","faq_id","关联常见问题ID","sys_faq","id","1:N","Y","D-无数据可验证",0,0,0,"命名+覆盖率",
870,22,"sys_service_trace","客服页自助行为埋点","ref_id","关联业务ID（留言ID）","biz_service_message","id","1:N","Y","D-无数据可验证",0,0,0,"命名+覆盖率",
871,22,"sys_workbench_layout","工作台个人布局","user_id","用户ID","sys_user","id","1:N","N","D-无数据可验证",0,0,0,"命名+覆盖率",
872,22,"sys_workbench_role","角色工作台配置","role_id","角色ID","sys_role","id","1:N","N","A-数据全命中",164,164,1,"命名+覆盖率",
873,22,"sys_workbench_role","角色工作台配置","widget_id","卡片ID","sys_workbench_widget","id","1:N","N","A-数据全命中",164,164,1,"命名+覆盖率",
874,23,"biz_dept_cost_month","科室月度成本","dept_id","科室ID","sys_department","id","1:N","N","A-数据全命中",1,1,1,"命名+覆盖率",
875,23,"biz_perf_result","科室绩效核算结果","dept_id","科室ID","sys_department","id","1:N","N","A-数据全命中",1,1,1,"命名+覆盖率",
876,23,"biz_perf_result","科室绩效核算结果","cost_id","成本快照来源","biz_dept_cost_month","id","1:N","Y","A-人工口径",1,1,1,"命名+覆盖率",

"以下登记：多态外键列（同列按类型字段指向不同表，画不成一条线）"
,1,"biz_tech_auth_override","越权授权事后登记","source_id","来源单据ID","未落定",,"P-多态外键","N","P-多态外键",,,,"按类型列分流，不画单线",
,1,"sys_attachment","附件","biz_id","关联业务ID","未落定",,"P-多态外键","Y","P-多态外键",,,,"按类型列分流，不画单线",
,2,"sys_ai_call_log","AI 调用日志","biz_id","业务ID","未落定",,"P-多态外键","Y","P-多态外键",,,,"按类型列分流，不画单线",
,4,"sys_price_change_history","项目价格变更史","item_id","项目ID","未落定",,"P-多态外键","N","P-多态外键",0,,,"按类型列分流，不画单线","biz_compliance_audit_item / biz_cssd_pack_template_item / biz_day_surgery_item / biz_drug_supplier_return_item / biz_drug_transfer_item / biz_emergency_handover_item / biz_exam_device_item / biz_inpatient_order_template_item / biz_nursing_qc_check_item / biz_operation_charge_item / biz_operation_count_item / biz_pivas_item / biz_rx_review_item / biz_settlement_bill_item"
,5,"biz_compliance_audit_item","医保合规审核明细","target_id","对象ID","未落定",,"P-多态外键","Y","P-多态外键",,,,"按类型列分流，不画单线",
,5,"biz_insurance_settlement","医保结算清单","encounter_id","就诊标识","未落定",,"P-多态外键","Y","P-多态外键",,,,"按类型列分流，不画单线",
,5,"biz_yb_deduct_notice","医保扣款通知单","encounter_id","就诊标识","未落定",,"P-多态外键","Y","P-多态外键",,,,"按类型列分流，不画单线",
,5,"biz_yb_mapping","医保目录对照","item_id","院内项目ID","未落定",,"P-多态外键","N","P-多态外键",,,,"按类型列分流，不画单线","biz_compliance_audit_item / biz_cssd_pack_template_item / biz_day_surgery_item / biz_drug_supplier_return_item / biz_drug_transfer_item / biz_emergency_handover_item / biz_exam_device_item / biz_inpatient_order_template_item / biz_nursing_qc_check_item / biz_operation_charge_item / biz_operation_count_item / biz_pivas_item / biz_rx_review_item / biz_settlement_bill_item"
,7,"biz_staff_attendance","实际出勤（闭环第3步：计划 vs 实际的对照落点）","org_id","实际出勤单元ID（全院级为0）","未落定",,"P-多态外键","N","P-多态外键",,,,"按类型列分流，不画单线",
,7,"biz_staff_demand","人力需求（需求层：排班的驱动源与分母）","org_id","排班单元ID（全院级为0）","未落定",,"P-多态外键","N","P-多态外键",,,,"按类型列分流，不画单线",
,7,"biz_staff_demand","人力需求（需求层：排班的驱动源与分母）","source_biz_id","来源业务ID（出诊计划ID/病区ID）","未落定",,"P-多态外键","Y","P-多态外键",,,,"按类型列分流，不画单线",
,7,"biz_staff_plan_rule","人力配置标准","org_id","排班单元ID（全院级为0）","未落定",,"P-多态外键","N","P-多态外键",,,,"按类型列分流，不画单线",
,7,"biz_staff_schedule","员工排班","org_id","排班单元ID（全院级为0）","未落定",,"P-多态外键","N","P-多态外键",,,,"按类型列分流，不画单线",
,10,"biz_nurse_schedule","病区护理排班","unit_id","排班单元ID（unit_type=1 取 sys_ward.ward_id，=2 取 sys_department.id）","未落定",,"P-多态外键","Y","P-多态外键",,,,"按类型列分流，不画单线",
,11,"biz_emr_signature","电子签名证据","biz_id","签名对象ID","未落定",,"P-多态外键","N","P-多态外键",,,,"按类型列分流，不画单线",
,13,"biz_medicaltech_execution","医技执行记录","apply_id","申请单ID","未落定",,"P-多态外键","N","P-多态外键",,,,"按类型列分流，不画单线","biz_day_surgery_apply / biz_inspection_apply / biz_laboratory_apply / biz_operation_apply / biz_refund_apply / biz_transfusion_apply / biz_treatment_apply"
,13,"biz_report","报告单","record_id","检查/检验记录ID","未落定",,"P-多态外键","N","P-多态外键",,,,"按类型列分流，不画单线","biz_anesthesia_record / biz_checkup_record / biz_chronic_record / biz_endoscopy_record / biz_fee_record / biz_inpatient_record / biz_inspection_record / biz_laboratory_record / biz_lis_qc_record / biz_medical_record / biz_nursing_record / biz_treatment_record / biz_triage_record / biz_ultrasound_record"
,13,"biz_report","报告单","template_id","使用的报告模板ID","未落定",,"P-多态外键","Y","P-多态外键",,,,"按类型列分流，不画单线","biz_cssd_pack_template / biz_diag_template / biz_ecg_template / biz_inpatient_order_template / biz_inspection_template / biz_laboratory_template / biz_radio_report_template / biz_rx_template / biz_schedule_slot_template / biz_schedule_template / biz_survey_template"
,14,"biz_operation_charge_item","手术麻醉计费明细","source_id","来源单据ID","未落定",,"P-多态外键","N","P-多态外键",,,,"按类型列分流，不画单线",
,16,"biz_duty_post","值班点位","org_id","排班单元ID（全院级为0）","未落定",,"P-多态外键","N","P-多态外键",,,,"按类型列分流，不画单线",
,17,"biz_drug_package_detail","药品耗材套餐明细","item_id","项目ID","未落定",,"P-多态外键","N","P-多态外键",,,,"按类型列分流，不画单线","biz_compliance_audit_item / biz_cssd_pack_template_item / biz_day_surgery_item / biz_drug_supplier_return_item / biz_drug_transfer_item / biz_emergency_handover_item / biz_exam_device_item / biz_inpatient_order_template_item / biz_nursing_qc_check_item / biz_operation_charge_item / biz_operation_count_item / biz_pivas_item / biz_rx_review_item / biz_settlement_bill_item"
,17,"biz_drug_stock_log","药品库存流水","source_id","来源单据ID","未落定",,"P-多态外键","Y","P-多态外键",,,,"按类型列分流，不画单线",
,18,"biz_consumable_stock_log","耗材出入库流水","source_id","来源单据ID","未落定",,"P-多态外键","Y","P-多态外键",,,,"按类型列分流，不画单线",
,19,"biz_fee_record","费用记账流水","encounter_id","就诊标识","未落定",,"P-多态外键","N","P-多态外键",,,,"按类型列分流，不画单线",
,19,"biz_fee_record","费用记账流水","source_id","来源单据ID（处方明细ID/申请ID/医嘱ID…）","未落定",,"P-多态外键","Y","P-多态外键",,,,"按类型列分流，不画单线","biz_inpatient_order_template / biz_prescription / biz_prescription_detail / biz_rx_template"
,19,"biz_fund_account","资金账户","owner_id","主体ID","未落定",,"P-多态外键","N","P-多态外键",,,,"按类型列分流，不画单线",
,19,"biz_fund_account_txn","资金账户流水","owner_id","主体ID（冗余）","未落定",,"P-多态外键","N","P-多态外键",,,,"按类型列分流，不画单线",
,19,"biz_pay_order","患者端统一支付单","biz_id","业务单ID（收费单ID/挂号单ID/入院ID）","未落定",,"P-多态外键","N","P-多态外键",,,,"按类型列分流，不画单线","biz_admission / biz_admission_order / biz_appoint_info"
,19,"biz_payment_txn","支付资金流水","encounter_id","就诊标识","未落定",,"P-多态外键","N","P-多态外键",,,,"按类型列分流，不画单线",
,19,"biz_settlement_bill","结算账单","encounter_id","就诊标识","未落定",,"P-多态外键","N","P-多态外键",,,,"按类型列分流，不画单线",
,19,"biz_settlement_bill_item","结算账单行","encounter_id","就诊标识","未落定",,"P-多态外键","N","P-多态外键",,,,"按类型列分流，不画单线",
,22,"biz_survey_dispatch","满意度发放台账","source_id","来源单据ID","未落定",,"P-多态外键","N","P-多态外键",,,,"按类型列分流，不画单线",
,22,"sys_message","消息通知","biz_id","关联业务ID","未落定",,"P-多态外键","Y","P-多态外键",,,,"按类型列分流，不画单线",

"以下登记：未落定的 ID 列（无对应表 / 并列候选无法裁决）"
,4,"sys_drug","药品字典","category_id","药品分类ID","未落定",,"X-未落定","Y","X-未落定",,,,"无法判定",
,19,"biz_invoice","发票","charge_id","旧收费单ID","未落定",,"X-未落定","Y","X-未落定",,,,"无法判定",

"以下登记：编号/编码型冗余快照关联（父表按唯一键命中，属于快照列，未画进模型）"
,3,"biz_equipment_maintain","设备维保记录","equipment_code","设备编码","sys_equipment","equipment_code","S-编号冗余","N","S-编号冗余",3,3,1,"无法判定",
,3,"biz_equipment_metering","设备计量记录","equipment_code","设备编码","sys_equipment","equipment_code","S-编号冗余","N","S-编号冗余",3,3,1,"无法判定",
,5,"biz_insurance_settlement","医保结算清单","bill_no","结算账单号","biz_settlement_bill","bill_no","S-编号冗余","N","S-编号冗余",4,2,0.5,"无法判定",
,5,"biz_insurance_settlement","医保结算清单","patient_no","患者号","biz_patient","patient_no","S-编号冗余","N","S-编号冗余",4,4,1,"无法判定",
,5,"biz_yb_chronic_reg","门诊慢特病备案","patient_no","患者编号快照","biz_patient","patient_no","S-编号冗余","N","S-编号冗余",17,17,1,"无法判定",
,5,"biz_yb_deduct_notice","医保扣款通知单","settlement_no","结算清单号快照","biz_insurance_settlement","settlement_no","S-编号冗余","N","S-编号冗余",1,1,1,"无法判定",
,5,"biz_yb_deduct_notice","医保扣款通知单","patient_no","患者编号快照","biz_patient","patient_no","S-编号冗余","N","S-编号冗余",25,25,1,"无法判定",
,5,"biz_yb_mapping","医保目录对照","yb_code","国家医保编码","biz_yb_catalog","yb_code","S-编号冗余","N","S-编号冗余",43,43,1,"无法判定",
,6,"biz_chronic_record","慢病建档","patient_no","患者号","biz_patient","patient_no","S-编号冗余","N","S-编号冗余",18,18,1,"无法判定",
,7,"biz_appoint_info","挂号信息","patient_no","患者号","biz_patient","patient_no","S-编号冗余","N","S-编号冗余",264,264,1,"无法判定",
,7,"biz_previsit_record","患者端预问诊记录（挂号后病史采集）","patient_no","患者号","biz_patient","patient_no","S-编号冗余","Y","S-编号冗余",1,1,1,"无法判定",
,7,"biz_queue","候诊队列","patient_no","患者号","biz_patient","patient_no","S-编号冗余","N","S-编号冗余",10,10,1,"无法判定",
,7,"biz_staff_attendance","实际出勤（闭环第3步：计划 vs 实际的对照落点）","emp_code","工号（快照）","sys_employee","emp_code","S-编号冗余","Y","S-编号冗余",0,0,0,"无法判定",
,7,"biz_staff_schedule","员工排班","emp_code","工号（快照）","sys_employee","emp_code","S-编号冗余","Y","S-编号冗余",1898,1898,1,"无法判定",
,7,"biz_triage_record","门诊分诊记录","patient_no","患者号","biz_patient","patient_no","S-编号冗余","N","S-编号冗余",12,12,1,"无法判定",
,8,"biz_ai_draft_diff","病历草稿AI留痕（草稿与终稿差异，SFT训练原料）","patient_no","患者号","biz_patient","patient_no","S-编号冗余","Y","S-编号冗余",1,1,1,"无法判定",
,8,"biz_medical_record","门诊病历","patient_no","患者号","biz_patient","patient_no","S-编号冗余","N","S-编号冗余",42,40,0.952,"无法判定",
,8,"biz_outp_infusion","门诊输液单","patient_no","患者编号","biz_patient","patient_no","S-编号冗余","N","S-编号冗余",12,12,1,"无法判定",
,8,"biz_outp_infusion","门诊输液单","seat_no","座位号","biz_infusion_seat","seat_no","S-编号冗余","N","S-编号冗余",12,12,1,"无法判定",
,8,"biz_prescription","处方主表","patient_no","患者号","biz_patient","patient_no","S-编号冗余","N","S-编号冗余",338,310,0.917,"无法判定",
,8,"biz_prescription_audit_log","处方审方流水","prescription_no","处方号","biz_prescription","prescription_no","S-编号冗余","N","S-编号冗余",216,216,1,"无法判定",
,8,"biz_prescription_detail","处方明细","prescription_no","处方号","biz_prescription","prescription_no","S-编号冗余","N","S-编号冗余",434,434,1,"无法判定",
,8,"biz_prescription_detail","处方明细","drug_code","药品编码","sys_drug","drug_code","S-编号冗余","N","S-编号冗余",434,342,0.788,"无法判定",
,8,"biz_rx_flow","处方流转单","prescription_no","处方号","biz_prescription","prescription_no","S-编号冗余","N","S-编号冗余",2,2,1,"无法判定",
,8,"biz_rx_flow","处方流转单","patient_no","患者号","biz_patient","patient_no","S-编号冗余","N","S-编号冗余",2,2,1,"无法判定",
,8,"biz_rx_review_item","处方点评明细","batch_no","批次号","biz_rx_review_batch","batch_no","S-编号冗余","N","S-编号冗余",6,6,1,"无法判定",
,8,"biz_rx_review_item","处方点评明细","prescription_no","处方号","biz_prescription","prescription_no","S-编号冗余","N","S-编号冗余",6,6,1,"无法判定",
,9,"biz_admission_order","入院通知单","patient_no","患者编号","biz_patient","patient_no","S-编号冗余","N","S-编号冗余",49,49,1,"无法判定",
,9,"biz_bed_wait","等床队列","patient_no","患者编号","biz_patient","patient_no","S-编号冗余","N","S-编号冗余",42,42,1,"无法判定",
,9,"biz_critical_notice","病危重通知回执","patient_no","患者编号","biz_patient","patient_no","S-编号冗余","N","S-编号冗余",12,12,1,"无法判定",
,9,"biz_critical_notice","病危重通知回执","admission_no","住院号","biz_admission","admission_no","S-编号冗余","N","S-编号冗余",12,12,1,"无法判定",
,9,"biz_discharge_drug","出院带药单","patient_no","患者号","biz_patient","patient_no","S-编号冗余","N","S-编号冗余",4,4,1,"无法判定",
,9,"biz_inpatient_leave","住院请假登记","patient_no","患者编号","biz_patient","patient_no","S-编号冗余","N","S-编号冗余",7,7,1,"无法判定",
,9,"biz_inpatient_leave","住院请假登记","admission_no","住院号","biz_admission","admission_no","S-编号冗余","N","S-编号冗余",7,7,1,"无法判定",
,9,"biz_inpatient_order","住院医嘱主表","patient_no","患者编号","biz_patient","patient_no","S-编号冗余","N","S-编号冗余",113,113,1,"无法判定",
,9,"biz_inpatient_transfer","住院转科轨迹","admission_no","入院号","biz_admission","admission_no","S-编号冗余","N","S-编号冗余",11,11,1,"无法判定",
,10,"biz_nurse_schedule","病区护理排班","emp_code","工号","sys_employee","emp_code","S-编号冗余","N","S-编号冗余",1680,1680,1,"无法判定",
,10,"biz_nursing_assessment","护理评估单","patient_no","患者编号","biz_patient","patient_no","S-编号冗余","N","S-编号冗余",15,15,1,"无法判定",
,10,"biz_nursing_qc_check_item","护理质量检查明细","item_code","项目编码","sys_nursing_qc_item","item_code","S-编号冗余","N","S-编号冗余",559,559,1,"无法判定",
,10,"biz_nursing_record","护理文书","patient_no","患者编号","biz_patient","patient_no","S-编号冗余","N","S-编号冗余",15,15,1,"无法判定",
,11,"biz_emr_signature","电子签名证据","cert_no","所用证书编号","sys_sign_cert","cert_no","S-编号冗余","N","S-编号冗余",471,471,1,"无法判定",
,11,"biz_inpatient_record","住院病历文书","patient_no","患者编号","biz_patient","patient_no","S-编号冗余","N","S-编号冗余",54,54,1,"无法判定",
,11,"biz_medical_record_archive","病历归档","patient_no","患者号","biz_patient","patient_no","S-编号冗余","N","S-编号冗余",66,58,0.879,"无法判定",
,11,"biz_quality_control_issue","质控问题明细","qc_no","质控单号","biz_quality_control","qc_no","S-编号冗余","N","S-编号冗余",777,777,1,"无法判定",
,12,"biz_critical_value","检验危急值","record_no","检验记录号","biz_laboratory_record","record_no","S-编号冗余","N","S-编号冗余",11,10,0.909,"无法判定",
,12,"biz_critical_value","检验危急值","patient_no","患者号","biz_patient","patient_no","S-编号冗余","N","S-编号冗余",13,12,0.923,"无法判定",
,12,"biz_laboratory_apply","检验申请单","patient_no","患者号","biz_patient","patient_no","S-编号冗余","N","S-编号冗余",52,52,1,"无法判定",
,12,"biz_laboratory_record","检验记录","apply_no","申请单号","biz_laboratory_apply","apply_no","S-编号冗余","N","S-编号冗余",26,26,1,"无法判定",
,12,"biz_laboratory_record","检验记录","patient_no","患者号","biz_patient","patient_no","S-编号冗余","N","S-编号冗余",26,26,1,"无法判定",
,12,"biz_lis_eqa_compare","室间质评仪器间比对","plan_no","质评批次号（冗余）","biz_lis_eqa_plan","plan_no","S-编号冗余","N","S-编号冗余",20,20,1,"无法判定",
,12,"biz_lis_eqa_sample","室间质评盲样","plan_no","质评批次号（冗余）","biz_lis_eqa_plan","plan_no","S-编号冗余","N","S-编号冗余",42,42,1,"无法判定",
,12,"biz_lis_qc_record","室内质控记录","plan_no","质控计划编号","biz_lis_qc_plan","plan_no","S-编号冗余","N","S-编号冗余",11,11,1,"无法判定",
,13,"biz_ecg_waveform","心电波形采集","record_no","检查记录号","biz_inspection_record","record_no","S-编号冗余","N","S-编号冗余",2,2,1,"无法判定",
,13,"biz_ecg_waveform","心电波形采集","apply_no","申请单号","biz_inspection_apply","apply_no","S-编号冗余","N","S-编号冗余",2,2,1,"无法判定",
,13,"biz_ecg_waveform","心电波形采集","patient_no","患者号","biz_patient","patient_no","S-编号冗余","N","S-编号冗余",2,2,1,"无法判定",
,13,"biz_endoscopy_record","内镜检查记录","patient_no","患者号","biz_patient","patient_no","S-编号冗余","N","S-编号冗余",4,4,1,"无法判定",
,13,"biz_exam_device_item","设备可开展项目","item_code","项目编码","sys_inspection_item","item_code","S-编号冗余","N","S-编号冗余",111,111,1,"无法判定",
,13,"biz_exam_film","检查胶片用量","record_no","检查记录号","biz_inspection_record","record_no","S-编号冗余","N","S-编号冗余",3,3,1,"无法判定",
,13,"biz_exam_film","检查胶片用量","apply_no","申请单号","biz_inspection_apply","apply_no","S-编号冗余","N","S-编号冗余",3,3,1,"无法判定",
,13,"biz_exam_film","检查胶片用量","patient_no","患者号","biz_patient","patient_no","S-编号冗余","N","S-编号冗余",3,3,1,"无法判定",
,13,"biz_exam_film","检查胶片用量","item_code","检查项目编码","sys_inspection_item","item_code","S-编号冗余","N","S-编号冗余",3,3,1,"无法判定",
,13,"biz_exam_film","检查胶片用量","spec_code","规格编码","biz_film_spec","spec_code","S-编号冗余","N","S-编号冗余",3,3,1,"无法判定",
,13,"biz_exam_film","检查胶片用量","fee_no","记账流水号","biz_fee_record","fee_no","S-编号冗余","N","S-编号冗余",2,2,1,"无法判定",
,13,"biz_inspection_apply","检查申请单","patient_no","患者号","biz_patient","patient_no","S-编号冗余","N","S-编号冗余",95,94,0.989,"无法判定",
,13,"biz_inspection_record","检查记录","apply_no","申请单号","biz_inspection_apply","apply_no","S-编号冗余","N","S-编号冗余",50,49,0.98,"无法判定",
,13,"biz_inspection_record","检查记录","patient_no","患者号","biz_patient","patient_no","S-编号冗余","N","S-编号冗余",50,49,0.98,"无法判定",
,13,"biz_pathology_block","病理蜡块与切片","order_no","病理号","biz_pathology_order","order_no","S-编号冗余","N","S-编号冗余",4,4,1,"无法判定",
,13,"biz_pathology_order","病理检查主单","patient_no","患者号","biz_patient","patient_no","S-编号冗余","N","S-编号冗余",8,8,1,"无法判定",
,13,"biz_ultrasound_record","超声检查记录","patient_no","患者号","biz_patient","patient_no","S-编号冗余","N","S-编号冗余",4,4,1,"无法判定",
,14,"biz_anesthesia_followup","麻醉术后随访单","record_no","麻醉记录单号","biz_anesthesia_record","record_no","S-编号冗余","N","S-编号冗余",5,5,1,"无法判定",
,14,"biz_anesthesia_pacu","PACU 复苏记录","record_no","麻醉记录单号","biz_anesthesia_record","record_no","S-编号冗余","N","S-编号冗余",2,2,1,"无法判定",
,14,"biz_day_surgery_apply","日间手术登记单","item_code","术式编码","biz_day_surgery_item","item_code","S-编号冗余","N","S-编号冗余",27,27,1,"无法判定",
,14,"biz_day_surgery_apply","日间手术登记单","patient_no","患者编号","biz_patient","patient_no","S-编号冗余","N","S-编号冗余",27,27,1,"无法判定",
,14,"biz_operation_apply","手术申请单","admission_no","入院号","biz_admission","admission_no","S-编号冗余","N","S-编号冗余",42,42,1,"无法判定",
,14,"biz_operation_charge_item","手术麻醉计费明细","patient_no","患者编号","biz_patient","patient_no","S-编号冗余","N","S-编号冗余",5,5,1,"无法判定",
,15,"biz_blood_crossmatch","交叉配血记录","patient_no","患者号","biz_patient","patient_no","S-编号冗余","N","S-编号冗余",4,4,1,"无法判定",
,15,"biz_blood_crossmatch","交叉配血记录","bag_no","血袋号","biz_blood_inventory","bag_no","S-编号冗余","N","S-编号冗余",4,4,1,"无法判定",
,15,"biz_blood_stock_log","血库出入库流水","bag_no","血袋号","biz_blood_inventory","bag_no","S-编号冗余","N","S-编号冗余",18,18,1,"无法判定",
,15,"biz_transfusion_apply","输血申请单","admission_no","入院号","biz_admission","admission_no","S-编号冗余","N","S-编号冗余",70,70,1,"无法判定",
,15,"biz_transfusion_apply","输血申请单","patient_no","患者号","biz_patient","patient_no","S-编号冗余","N","S-编号冗余",70,70,1,"无法判定",
,16,"biz_emergency","急诊记录","patient_no","患者号","biz_patient","patient_no","S-编号冗余","N","S-编号冗余",12,12,1,"无法判定",
,17,"biz_drug_dispensing","药品发药记录","prescription_no","处方号","biz_prescription","prescription_no","S-编号冗余","N","S-编号冗余",30,29,0.967,"无法判定",
,17,"biz_drug_dispensing","药品发药记录","patient_no","患者号","biz_patient","patient_no","S-编号冗余","N","S-编号冗余",30,28,0.933,"无法判定",
,17,"biz_drug_dispensing","药品发药记录","drug_code","药品编码","sys_drug","drug_code","S-编号冗余","N","S-编号冗余",30,17,0.567,"无法判定",
,17,"biz_drug_inbound_detail","药品入库明细","inbound_no","入库单号","biz_drug_inbound","inbound_no","S-编号冗余","N","S-编号冗余",18,18,1,"无法判定",
,17,"biz_drug_outbound_detail","药品出库明细","outbound_no","出库单号","biz_drug_outbound","outbound_no","S-编号冗余","N","S-编号冗余",20,20,1,"无法判定",
,17,"biz_drug_trace","药品追溯码台账","drug_code","药品编码","sys_drug","drug_code","S-编号冗余","N","S-编号冗余",21,21,1,"无法判定",
,17,"biz_pivas_batch","静配中心主单","patient_no","患者编号","biz_patient","patient_no","S-编号冗余","N","S-编号冗余",1,1,1,"无法判定",
,17,"biz_pivas_item","静配中心调配明细","pivas_no","静配单号（冗余）","biz_pivas_batch","pivas_no","S-编号冗余","N","S-编号冗余",3,3,1,"无法判定",
,17,"biz_pivas_item","静配中心调配明细","patient_no","患者编号","biz_patient","patient_no","S-编号冗余","N","S-编号冗余",3,3,1,"无法判定",
,17,"biz_stocktake_item","药房盘点明细","drug_code","药品编码","sys_drug","drug_code","S-编号冗余","N","S-编号冗余",39,39,1,"无法判定",
,17,"biz_ward_dispense","住院摆药单","patient_no","患者编号","biz_patient","patient_no","S-编号冗余","N","S-编号冗余",1,1,1,"无法判定",
,17,"biz_ward_dispense_item","住院摆药明细","dispense_no","摆药单号（冗余）","biz_ward_dispense","dispense_no","S-编号冗余","N","S-编号冗余",2,2,1,"无法判定",
,17,"biz_ward_dispense_item","住院摆药明细","patient_no","患者编号","biz_patient","patient_no","S-编号冗余","N","S-编号冗余",2,2,1,"无法判定",
,18,"biz_consumable_trace","高值耗材使用溯源","patient_no","患者编号","biz_patient","patient_no","S-编号冗余","N","S-编号冗余",12,12,1,"无法判定",
,18,"biz_cssd_trace","CSSD 追溯节点","pack_no","器械包条码","biz_cssd_pack","pack_no","S-编号冗余","N","S-编号冗余",28,28,1,"无法判定",
,19,"biz_fee_record","费用记账流水","patient_no","患者号","biz_patient","patient_no","S-编号冗余","N","S-编号冗余",38,38,1,"无法判定",
,19,"biz_fund_account","资金账户","patient_no","患者号","biz_patient","patient_no","S-编号冗余","N","S-编号冗余",2,2,1,"无法判定",
,19,"biz_inpatient_settlement","住院结算单","patient_no","患者号","biz_patient","patient_no","S-编号冗余","N","S-编号冗余",4,4,1,"无法判定",
,19,"biz_invoice","发票","bill_no","结算账单号","biz_settlement_bill","bill_no","S-编号冗余","N","S-编号冗余",7,7,1,"无法判定",
,19,"biz_invoice","发票","patient_no","患者号","biz_patient","patient_no","S-编号冗余","N","S-编号冗余",118,104,0.881,"无法判定",
,19,"biz_payment_txn","支付资金流水","patient_no","患者号","biz_patient","patient_no","S-编号冗余","N","S-编号冗余",89,89,1,"无法判定",
,19,"biz_refund_apply","退费申请单","bill_no","结算账单号","biz_settlement_bill","bill_no","S-编号冗余","N","S-编号冗余",5,5,1,"无法判定",
,19,"biz_refund_apply","退费申请单","patient_no","患者号","biz_patient","patient_no","S-编号冗余","N","S-编号冗余",10,10,1,"无法判定",
,19,"biz_settlement_bill","结算账单","patient_no","患者号","biz_patient","patient_no","S-编号冗余","N","S-编号冗余",22,22,1,"无法判定",
,19,"biz_settlement_bill_item","结算账单行","bill_no","账单号","biz_settlement_bill","bill_no","S-编号冗余","N","S-编号冗余",29,29,1,"无法判定",
,20,"biz_dispute_case","医疗纠纷投诉主单","patient_no","患者编号","biz_patient","patient_no","S-编号冗余","N","S-编号冗余",15,15,1,"无法判定",
,20,"biz_infection_case","院感病例报告卡","patient_no","患者编号","biz_patient","patient_no","S-编号冗余","N","S-编号冗余",11,11,1,"无法判定",
,20,"biz_infection_monitor","院感目标性监测登记","patient_no","患者编号","biz_patient","patient_no","S-编号冗余","N","S-编号冗余",8,8,1,"无法判定",
,20,"biz_public_health_report","公卫上报表","patient_no","患者号","biz_patient","patient_no","S-编号冗余","N","S-编号冗余",6,6,1,"无法判定",
,21,"biz_antibiotic_alias","抗菌药物品名别名","drug_code","药品编码","sys_drug","drug_code","S-编号冗余","N","S-编号冗余",9,9,1,"无法判定",
,21,"biz_dialysis_patient","透析患者档案","patient_no","患者编号","biz_patient","patient_no","S-编号冗余","N","S-编号冗余",2,2,1,"无法判定",
,21,"biz_dialysis_session","透析单","patient_no","患者编号","biz_patient","patient_no","S-编号冗余","N","S-编号冗余",5,5,1,"无法判定",
,21,"biz_diet_plan","膳食方案","patient_no","患者编号","biz_patient","patient_no","S-编号冗余","N","S-编号冗余",8,8,1,"无法判定",
,21,"biz_icu_stay","ICU 入出科登记","patient_no","患者编号","biz_patient","patient_no","S-编号冗余","N","S-编号冗余",3,3,1,"无法判定",
,21,"biz_meal_order","住院订餐配送","patient_no","患者编号","biz_patient","patient_no","S-编号冗余","N","S-编号冗余",5,5,1,"无法判定",
,21,"biz_nutrition_screen","营养风险筛查记录","patient_no","患者编号","biz_patient","patient_no","S-编号冗余","N","S-编号冗余",7,7,1,"无法判定",
,21,"biz_pathway_enroll","临床路径入径记录","patient_no","患者编号","biz_patient","patient_no","S-编号冗余","N","S-编号冗余",28,28,1,"无法判定",
,21,"biz_vte_event","VTE 事件登记","patient_no","患者编号","biz_patient","patient_no","S-编号冗余","N","S-编号冗余",13,13,1,"无法判定",
,21,"biz_vte_prevent","VTE 预防措施记录","patient_no","患者编号","biz_patient","patient_no","S-编号冗余","N","S-编号冗余",11,11,1,"无法判定",
,22,"biz_followup_task","随访任务","patient_no","患者号","biz_patient","patient_no","S-编号冗余","N","S-编号冗余",15,15,1,"无法判定",
,22,"biz_online_consult","线上问诊","patient_no","患者编号","biz_patient","patient_no","S-编号冗余","N","S-编号冗余",12,12,1,"无法判定",
,22,"biz_service_ticket_log","工单流转记录（患者端进展时间轴 + 客服端证据链）","message_no","工单号（冗余，排查时不用 join）","biz_service_message","message_no","S-编号冗余","Y","S-编号冗余",40,40,1,"无法判定",
,22,"biz_survey_answer","满意度答卷","patient_no","患者编号","biz_patient","patient_no","S-编号冗余","N","S-编号冗余",3,3,1,"无法判定",
,22,"biz_survey_dispatch","满意度发放台账","patient_no","患者编号","biz_patient","patient_no","S-编号冗余","N","S-编号冗余",3,3,1,"无法判定",
,22,"biz_tele_consult","远程会诊","patient_no","患者编号","biz_patient","patient_no","S-编号冗余","N","S-编号冗余",16,16,1,"无法判定",
